,User,Tweet,Tweet Date,Compound Score,Positive Score,Neutral Score,Negative Score,Tweet Count
0,@BBC,"RT @BBCSport: GOAL! #FRA 2-1 #CRO 

Griezmann scores from the spot! What a first half this has been.

üì∫ @BBCOne 
üìª @5liveSport 
üì± https://t‚Ä¶",Sun Jul 15 15:41:32 +0000 2018,0.0,0.0,1.0,0.0,0
1,@BBC,"Novak Djokovic is the 2018 #Wimbledon champion, beating Kevin Anderson to win the title for the fourth time. üëè üèÜüôå‚Ä¶ https://t.co/gXfPxodXCn",Sun Jul 15 15:40:59 +0000 2018,0.6908,0.278,0.614,0.108,1
2,@BBC,"RT @BBCSport: GOAL! #FRA 1-0 #CRO 

It's an own goal!

Griezmann's free-kick flicks off the head of Mandzukic and in.

üì∫ @BBCOne 
üìª @5liveS‚Ä¶",Sun Jul 15 15:21:22 +0000 2018,0.0,0.0,1.0,0.0,2
3,@BBC,"‚öΩÔ∏èWho will win the 2018 @FIFAWorldCup?

Head over to @BBCOne right now to watch France vs Croatia live from Moscow.‚Ä¶ https://t.co/QMrhN3DelE",Sun Jul 15 14:55:00 +0000 2018,0.5859,0.16,0.84,0.0,3
4,@BBC,"RT @bbctennis: Plenty of famous faces around Centre Court today! 

- that or a really strange Comic-Con!

#bbctennis #wimbledon https://t.c‚Ä¶",Sun Jul 15 14:19:43 +0000 2018,-0.3973,0.0,0.864,0.136,4
5,@BBC,RT @BBCMOTD: #ENG leave Repino for the last time. Time to come home. https://t.co/0saQQB0VYh,Sun Jul 15 13:21:23 +0000 2018,-0.0516,0.0,0.915,0.085,5
6,@BBC,Ô∏è‚öΩÔ∏è@GaryLineker presents live coverage of France v Croatia in the 2018 World Cup final from Moscow's Luzhniki Stadi‚Ä¶ https://t.co/CAlhSsYMsh,Sun Jul 15 12:59:04 +0000 2018,0.0,0.0,1.0,0.0,6
7,@BBC,Sue Barker presents live build-up to Novak Djokovic vs Kevin Anderson in the men‚Äôs singles final from Wimbledon 201‚Ä¶ https://t.co/AAjf30BYut,Sun Jul 15 11:40:02 +0000 2018,0.0,0.0,1.0,0.0,7
8,@BBC,Should we all be adopting a plant-based diet? https://t.co/ptvgXS9KiZ,Sun Jul 15 11:01:00 +0000 2018,0.0,0.0,1.0,0.0,8
9,@BBC,"üå°üî• How did you sleep last night? 

üò¥ If you're struggling to sleep in this heat, these tips could help... 

https://t.co/IPcOdix95L",Sun Jul 15 08:04:02 +0000 2018,-0.4215,0.0,0.872,0.128,9
10,@BBC,"""I would just sit there silently willing, willing his team to win‚Äù 

The truth about domestic violence and the‚Ä¶ https://t.co/vXxAJNE380",Sun Jul 15 07:30:14 +0000 2018,-0.4215,0.094,0.738,0.168,10
11,@BBC,"Everyone has that one friend who hates camping. ‚õ∫Ô∏èüòÇ @RomeshRanga 

#TheMisadventuresOfRomeshRanganathan

https://t.co/aXISX3x3aS",Sun Jul 15 07:03:04 +0000 2018,0.0772,0.199,0.621,0.18,11
12,@BBC,"Tonight, @reginalddhunter takes a 2,000-mile musical road trip along the US-Mexico border. üé∂

Reginald D Hunter's S‚Ä¶ https://t.co/K4ZHogg1lO",Sat Jul 14 19:03:07 +0000 2018,0.0,0.0,1.0,0.0,12
13,@BBC,There's a clear difference in the way boys and girls behave during a #heatwave. üòÇ‚òÄÔ∏èüå° @JackWhitehall‚Ä¶ https://t.co/SmGTMhnZ3M,Sat Jul 14 18:03:04 +0000 2018,0.3818,0.157,0.843,0.0,13
14,@BBC,üéæ¬†Angelique Kerber beat seven-time champion Serena Williams to win her first #Wimbledon title.‚Ä¶ https://t.co/O7Q0shxwSc,Sat Jul 14 17:32:50 +0000 2018,0.8271,0.391,0.609,0.0,14
15,@BBC,"RT @BBCSport: Angelique Kerber is the #wimbledon champion! üëè

The German beats Serena Williams to lift the trophy for the first time! üôå
 
L‚Ä¶",Sat Jul 14 16:23:10 +0000 2018,0.6688,0.176,0.824,0.0,15
16,@BBC,"""We'll definitely keep in touch!""  üëã *Immediately blocks number* #Extras 

https://t.co/9gVnLDsdq0",Sat Jul 14 16:03:05 +0000 2018,0.2714,0.232,0.621,0.147,16
17,@BBC,A wild banana that may hold the key to protecting the world's edible banana crop has been put on the extinction lis‚Ä¶ https://t.co/iU8sxtarEw,Sat Jul 14 13:03:04 +0000 2018,0.0,0.0,1.0,0.0,17
18,@BBC,"There she goes! üö¢ üåä

The RRS Sir David Attenborough - the UK's polar ship known to some as Boaty McBoatface - is la‚Ä¶ https://t.co/bYll3hTWpa",Sat Jul 14 12:10:55 +0000 2018,0.0,0.0,1.0,0.0,18
19,@BBC,"RT @bbctennis: Meghan Markle has arrived!

The crowd shouted her name as she made her way to Centre Court. She waved üëã

üíªüì± https://t.co/Xg5‚Ä¶",Sat Jul 14 12:08:51 +0000 2018,0.0,0.0,1.0,0.0,19
20,@BBC,"We all know a hipster restaurant that's taken things a bit too far... üôÑüòÇ 

https://t.co/0N3WTRIUVu",Sat Jul 14 12:04:02 +0000 2018,0.0,0.0,1.0,0.0,20
21,@BBC,"RT @1Xtra: Tonight 9pm @Drake x @CharlieSloth üî•ü¶Ç

#DrakeFITB https://t.co/LpqcF10QvH",Sat Jul 14 11:13:46 +0000 2018,0.0,0.0,1.0,0.0,21
22,@BBC,Sue Barker presents live coverage of Angelique Kerber vs Serena Williams in the women's singles final from Wimbledo‚Ä¶ https://t.co/hFtwDO5Ma3,Sat Jul 14 11:07:03 +0000 2018,0.0,0.0,1.0,0.0,22
23,@BBC,"üò≤The man with world's longest fingernails has had them cut off after 66 years. 

https://t.co/FmC6KX7ZKP",Sat Jul 14 10:03:02 +0000 2018,-0.2732,0.0,0.87,0.13,23
24,@BBC,"RT @CBeebiesHQ: Look WHO is in for tonight's #BedtimeStory ‚è≥üåÄ

@Pearlie_mack reads Ellie's Magic Wellies üìñ

@bbcdoctorwho

@AmySparkes

@Ea‚Ä¶",Sat Jul 14 09:54:33 +0000 2018,0.1027,0.076,0.924,0.0,24
25,@BBC,"This model was bitten by a shark while posing for a photo on holiday. üòÆü¶à
https://t.co/hQ5q69tVBZ https://t.co/TMYfQlnwto",Sat Jul 14 09:07:03 +0000 2018,0.4019,0.162,0.838,0.0,25
26,@BBC,"Meet the 8-year-old yoga expert who is winning national and international prizes. üßò‚Äç‚ôÇÔ∏è

https://t.co/Rn4flrc6vh",Sat Jul 14 08:02:07 +0000 2018,0.7506,0.348,0.652,0.0,26
27,@BBC,"‚ÄúIt‚Äôs a love museum ‚Äì just maybe upside down"". üíî

Welcome to the museum preserving the memories of broken hearts. üëâ‚Ä¶ https://t.co/KK5pBeeWWE",Sat Jul 14 07:33:07 +0000 2018,0.6249,0.274,0.608,0.118,27
28,@BBC,"71 years after her death, the UK's forgotten astronomer Annie Maunder is finally getting some recognition. ‚òÑüî≠üå†

https://t.co/fjWUaZC4zQ",Sat Jul 14 07:04:02 +0000 2018,-0.7003,0.0,0.734,0.266,28
29,@BBC,"Gary Barlow and his ten-piece band perform songs including Greatest Day, Back for Good and Rule the World against t‚Ä¶ https://t.co/xAcRAKlkmn",Fri Jul 13 20:32:04 +0000 2018,0.7964,0.272,0.728,0.0,29
30,@BBC,"The world's greatest classical musical festival is back! üé∂üéªüëè @bbcproms 2018

First Night of the Proms | 8:30pm |‚Ä¶ https://t.co/JKCkC5EMMs",Fri Jul 13 18:31:05 +0000 2018,0.8268,0.312,0.688,0.0,30
31,@BBC,"RT @BBCSport: This is some semi-final.

Watch Kevin Anderson and John Isner live on @BBCTwo and online.

https://t.co/gmKgD0Vwbx https://t.‚Ä¶",Fri Jul 13 18:30:37 +0000 2018,0.0,0.0,1.0,0.0,31
32,@BBC,"When someone gets sassy but you've got a killer comeback... üòÇüëè @robbrydon #WILTY

https://t.co/cmdBgsfTm1",Fri Jul 13 17:32:04 +0000 2018,-0.7876,0.0,0.669,0.331,32
33,@BBC,"The best time to plant a tree was 20 years ago. The second best time is now. üå≥

Eight Chinese proverbs to help with‚Ä¶ https://t.co/zqSO489S8G",Fri Jul 13 17:02:05 +0000 2018,0.9022,0.357,0.643,0.0,33
34,@BBC,"When your colleagues ask why you need to leave work at 5pm on the dot... üç∑üíÉ

#FridayFeeling #Versailles https://t.co/Tmba34H72w",Fri Jul 13 15:59:00 +0000 2018,-0.0516,0.0,0.938,0.062,34
35,@BBC,RT @BBCNews: Downton Abbey film finally confirmed https://t.co/VcQvk7lFJb,Fri Jul 13 15:47:44 +0000 2018,0.0,0.0,1.0,0.0,35
36,@BBC,"""I can't pay you, but you can use the photos in your portfolio."" üôÑ  

Every photographer can relate to this. 

https://t.co/AIriphAyym",Fri Jul 13 15:04:04 +0000 2018,0.0382,0.057,0.943,0.0,36
37,@BBC,"The secret to a long, happy relationship? 

Lying, lying and more lying. ‚ù§Ô∏èÔ∏èüòÇ @rhysnicholson

https://t.co/K0t1XAHovC",Fri Jul 13 12:03:03 +0000 2018,-0.7579,0.155,0.418,0.427,37
38,@BBC,"The original 1926 map of The Hundred Acre Wood from Winnie-the-Pooh has sold for a record ¬£430,000. üìñüçØ‚Ä¶ https://t.co/YoDZxpIlLe",Fri Jul 13 11:03:03 +0000 2018,0.3182,0.119,0.881,0.0,38
39,@BBC,RT @bbcproms: A Spectacular curtain raiser last night by @AnnaHMeredith &amp; @59productions  commissioned by @bbcproms @edintfest @1418NOW  in‚Ä¶,Fri Jul 13 10:01:02 +0000 2018,0.0,0.0,1.0,0.0,39
40,@BBC,RT @BBCTheOneShow: It's @ChrisGPackham UK Bioblitz 2018. Over ten days Chris &amp; his team will visit 50 wildlife sites in the UK to highlight‚Ä¶,Fri Jul 13 09:59:32 +0000 2018,0.0,0.0,1.0,0.0,40
41,@BBC,"Who is the mysterious Hester Appleyard?

Natalie Dormer spills the beans on her enigmatic role in‚Ä¶ https://t.co/6oHcD9SONr",Fri Jul 13 08:03:04 +0000 2018,0.0,0.0,1.0,0.0,41
42,@BBC,"""I think the NHS is one of the biggest assets we have in this country,"" says @JonniePeacock.‚Ä¶ https://t.co/PTiCP0xeHc",Fri Jul 13 07:27:05 +0000 2018,0.1779,0.091,0.909,0.0,42
43,@BBC,"‚ö†Ô∏è Watch out! ‚ö†Ô∏è Today is Friday the 13th...

üìÜüò∞ But why is this date considered unlucky?

https://t.co/RJelR8Rw6p",Fri Jul 13 07:03:02 +0000 2018,0.0,0.0,1.0,0.0,43
44,@BBC,"üò∫üé¨ Meet Lisio, the ginger cat who jumped onto his owner's shoulders during a serious TV interview.

üëâ‚Ä¶ https://t.co/7DmhNcHnU6",Thu Jul 12 20:02:02 +0000 2018,-0.0772,0.0,0.929,0.071,44
45,@BBC,"Great Britain's John Curry was the world's first out gay Olympian. This is his story. ‚õ∏

https://t.co/8kFobV3AWe",Thu Jul 12 18:04:07 +0000 2018,0.6249,0.215,0.785,0.0,45
46,@BBC,Not all heroes wear capes. This Australian diving doctor abandoned his holiday to stay with the boys trapped in a c‚Ä¶ https://t.co/BRaTqIJP19,Thu Jul 12 17:03:06 +0000 2018,-0.0258,0.246,0.539,0.215,46
47,@BBC,"Orkney‚Äôs mysterious stone circles are older than Stonehenge... 

https://t.co/Cbuq22PkVm",Thu Jul 12 16:03:02 +0000 2018,0.0,0.0,1.0,0.0,47
48,@BBC,"RT @BBCOne: Love and trust, shattered by secrets and lies. Keeping Faith from @BBCWales starring @TeamEveMyles starts tonight at 9pm on BBC‚Ä¶",Thu Jul 12 14:47:18 +0000 2018,0.6597,0.31,0.512,0.178,48
49,@BBC,"The university access watchdog says students' backgrounds should be taken into account when awarding places, to imp‚Ä¶ https://t.co/q9vW9zt46B",Thu Jul 12 13:04:03 +0000 2018,0.4404,0.146,0.854,0.0,49
50,@BBC,"Why are more parents around the world choosing to raise only children?

https://t.co/bWil43TvES",Thu Jul 12 12:04:04 +0000 2018,0.0,0.0,1.0,0.0,50
51,@BBC,"RT @BBCFOUR: Dr Lucy Worsley shows how Britain's new ruling family fought the French, the Jacobites and each other, all at the same time. T‚Ä¶",Thu Jul 12 11:43:48 +0000 2018,-0.3182,0.0,0.913,0.087,51
52,@BBC,Meet the people getting the @bbcproms off to a spectacular start. üòçüé∂üéª https://t.co/rD5I0XXrLz https://t.co/5im1Tokqsr,Thu Jul 12 11:02:03 +0000 2018,0.0,0.0,1.0,0.0,52
53,@BBC,"‚ôªÔ∏èü•õMeet the schoolchildren who redesigned their milk cartons without plastic straws. 

Their school now uses fully‚Ä¶ https://t.co/hK4M1UtcHk",Thu Jul 12 10:30:00 +0000 2018,0.0,0.0,1.0,0.0,53
54,@BBC,"Adam can't hide the fact that he has a stutter, and he doesn't want to anymore.

https://t.co/JVzJkk828L",Thu Jul 12 08:03:03 +0000 2018,-0.1788,0.086,0.733,0.182,54
55,@BBC,"Native wildlife is ""flocking back"" to the Outer Hebrides following a 17-year project to eradicate the American mink‚Ä¶ https://t.co/QbGQddmWyW",Thu Jul 12 07:31:08 +0000 2018,0.0,0.0,1.0,0.0,55
56,@BBC,"Walrus siestas can last a week! üí§ These incredible creatures know how to nap... 

https://t.co/qZRpNBkpuc",Thu Jul 12 07:03:04 +0000 2018,0.0,0.0,1.0,0.0,56
57,@BBC,"It‚Äôs not coming home. üíî

But it's been an incredible journey. ‚ô•Ô∏è

https://t.co/TrqeqzfTUq  #ENG #WorldCup‚Ä¶ https://t.co/nCoN5lDJys",Wed Jul 11 20:39:03 +0000 2018,0.0,0.0,1.0,0.0,57
58,@BBC,"RT @BBCSport: GOAL

Mario Mandzukic drills Croatia in front.

#CRO 2-1 #ENG 

LIVE:
üì± https://t.co/C5GtYW7jpj 
üìª @5liveSport 

#ENGCRO #Wor‚Ä¶",Wed Jul 11 20:23:23 +0000 2018,0.0,0.0,1.0,0.0,58
59,@BBC,"RT @BBCSport: Extra-time it is... and we're underway...

How are your nerves?

#CRO 1-1 #ENG 

LIVE:
üì± https://t.co/C5GtYW7jpj 
üìª @5liveSpo‚Ä¶",Wed Jul 11 20:03:46 +0000 2018,-0.1027,0.0,0.924,0.076,59
60,@BBC,"Full time: #CRO 1-1 #ENG 

Who's ready for another 30 minutes?

Follow it live: 
üì± https://t.co/TrqeqzfTUq  
üìª‚Ä¶ https://t.co/CuPZrrxFEW",Wed Jul 11 19:52:13 +0000 2018,0.3612,0.135,0.865,0.0,60
61,@BBC,RT @BBCBreakfast: No fingernails left... https://t.co/E4oE20owSY,Wed Jul 11 19:49:56 +0000 2018,-0.296,0.0,0.694,0.306,61
62,@BBC,"RT @BBCSport: GOAL 

#CRO 1-1 #ENG 

Ivan Perisic meets a cross to flick Croatia level.

LIVE:
üì± https://t.co/C5GtYW7jpj 
üìª @5liveSport htt‚Ä¶",Wed Jul 11 19:27:11 +0000 2018,0.0,0.0,1.0,0.0,62
63,@BBC,"It doesn't matter where you're watching, as long as you're watching. ‚öΩÔ∏è‚öΩÔ∏è‚öΩÔ∏è

Millions of #ENG fans are watching‚Ä¶ https://t.co/geST9JHDr4",Wed Jul 11 19:20:29 +0000 2018,-0.0191,0.0,0.944,0.056,63
64,@BBC,"RT @5liveSport: Only three men have ever scored for #ENG in a semi-final of a #WorldCup

‚öΩ Sir Bobby Charlton
‚öΩ @GaryLineker
‚öΩ Kieran Tripp‚Ä¶",Wed Jul 11 19:16:46 +0000 2018,0.0,0.0,1.0,0.0,64
65,@BBC,"RT @BBCOne: We‚Äôre pretty sure that exactly 53% of the population is covered in beer right now ü§îü§ó #ENGCRO #WorldCup

https://t.co/l5UTbo9n7x",Wed Jul 11 19:02:33 +0000 2018,0.6705,0.224,0.776,0.0,65
66,@BBC,A gripping reimagining of Joan Lindsay's iconic novel that delves into the mysterious disappearances of three schoo‚Ä¶ https://t.co/d4nPoQXIYJ,Wed Jul 11 19:02:02 +0000 2018,0.3182,0.126,0.874,0.0,66
67,@BBC,"Half time in Moscow. 

#CRO 0-1 #ENG
Ôøº
Follow:

üì± https://t.co/5KN3TtJ2Zz  
üìª @5livesport

#ENGCRO #WorldCup https://t.co/TVSyyaX8dl",Wed Jul 11 18:50:03 +0000 2018,0.0,0.0,1.0,0.0,67
68,@BBC,"RT @BBCSport: GOAL!

What a start! What a goal!

Kieran Trippier whips a free-kick right in! 

#CRO 0-1 #ENG 

LIVE: 
üì± https://t.co/C5GtYW‚Ä¶",Wed Jul 11 18:06:07 +0000 2018,0.0,0.0,1.0,0.0,68
69,@BBC,"It's time. ‚öΩÔ∏è

#ENGCRO #worldcup #bbcworldcup https://t.co/A0zRUx5CVK",Wed Jul 11 18:00:11 +0000 2018,0.0,0.0,1.0,0.0,69
70,@BBC,"Prince Harry knows... #ItsComingHome Ô∏è‚öΩÔ∏è‚û°Ô∏èüè†

#ENGCRO #ENG #WorldCup #ThreeLions 

https://t.co/ouBlfHLWry",Wed Jul 11 17:57:05 +0000 2018,0.0,0.0,1.0,0.0,70
71,@BBC,"The @BBCEastenders prediction for tonight's #WorldCup semi-final? 

""Ta-ta Croatia!"" üëãüòÇ @MrDDyer

#ThreeLions‚Ä¶ https://t.co/wRv1AlP9s6",Wed Jul 11 17:01:04 +0000 2018,0.0,0.0,1.0,0.0,71
72,@BBC,"What's that David Attenborough... it's coming home? üè¥Û†ÅßÛ†Å¢Û†Å•Û†ÅÆÛ†ÅßÛ†ÅøÔ∏è‚öΩÔ∏èüèÜüòÜ

üîä Turn your sound on!  üîä

#WorldCup #ThreeLions‚Ä¶ https://t.co/fkYYIqg2fO",Wed Jul 11 16:01:05 +0000 2018,0.0,0.0,1.0,0.0,72
73,@BBC,The National Gallery has acquired its first work by a woman for 27 years. üñå https://t.co/WkCtpvqKtN https://t.co/NZRjCCw3z5,Wed Jul 11 13:03:06 +0000 2018,0.0,0.0,1.0,0.0,73
74,@BBC,"The last time #ENG played a #WorldCup Semi Final, @bbceastenders looked like this... https://t.co/JeYtBettzm",Wed Jul 11 11:32:03 +0000 2018,0.5994,0.308,0.692,0.0,74
75,@BBC,"ü§î Game Boys, Vanilla Ice and a new TV programme called 'The Simpsons'... 

This is what #England looked like last t‚Ä¶ https://t.co/YTCXpNJvqb",Wed Jul 11 11:02:02 +0000 2018,0.3612,0.116,0.884,0.0,75
76,@BBC,"RT @BBCSport: Just hold on...it's coming home.

#WorldCup #ThreeLions https://t.co/TCTpYhNV1s",Wed Jul 11 09:53:20 +0000 2018,0.0,0.0,1.0,0.0,76
77,@BBC,"This will give you goosebumps. 

The last time England won a #WorldCup semi-final it was a 2-1 victory over Portuga‚Ä¶ https://t.co/2gRGni9S3y",Wed Jul 11 09:32:05 +0000 2018,0.5719,0.171,0.829,0.0,77
78,@BBC,"In this city, a six-figure salary is considered 'low income' and not enough for a family of four to get by on.‚Ä¶ https://t.co/1qyDWTPSrG",Wed Jul 11 09:04:05 +0000 2018,-0.2732,0.0,0.905,0.095,78
79,@BBC,"#BluePlanet2 ‚úÖ 
That unforgettable concert ‚úÖ 
Brilliant Bedtime Stories ‚úÖ
A new Doctor ‚úÖ
and so much more. Here are‚Ä¶ https://t.co/ZVSKIHOXDk",Wed Jul 11 08:00:00 +0000 2018,0.5859,0.202,0.798,0.0,79
80,@BBC,"RT @BBCSport: More of this please! üòä

#ENGCRO #ENG #ThreeLions #bbcworldcup https://t.co/706Vsdfy2Y",Wed Jul 11 07:39:04 +0000 2018,0.5018,0.245,0.755,0.0,80
81,@BBC,"üíà‚öΩÔ∏èüôåüèæ Dead trims, missed penalties, 30 yard screamers, calling players out, football coming home...‚Ä¶ https://t.co/ZrrQJ1Qn9h",Wed Jul 11 07:33:03 +0000 2018,-0.8402,0.0,0.571,0.429,81
82,@BBC,"üå°üî•‚òÄÔ∏è This one goes out to all the gingers braving the sun today... 

https://t.co/4Ed3y2Xp0f",Wed Jul 11 07:03:05 +0000 2018,0.0,0.0,1.0,0.0,82
83,@BBC,"The heatwave has unveiled ancient hillforts and Roman settlements in Wales. üëâ
 https://t.co/L1VdHWkMP7 https://t.co/luXjJV5v3Y",Tue Jul 10 20:02:05 +0000 2018,0.0,0.0,1.0,0.0,83
84,@BBC,"Take a look at the rollercoaster years at Nokia, a company that dominated a nation. 

The Rise and Fall of Nokia |‚Ä¶ https://t.co/7uflzUaeTj",Tue Jul 10 19:04:02 +0000 2018,0.0,0.0,1.0,0.0,84
85,@BBC,"Can you feel richer by giving your money away? üí∏ This lottery winner thinks so.

https://t.co/BgKlrEfssV",Tue Jul 10 18:04:04 +0000 2018,0.8625,0.444,0.556,0.0,85
86,@BBC,"'I wanted to live inside you like a parasite'. 

A letter to my first love üíåüëâ https://t.co/batgnuHRoi https://t.co/G0kGuLzHqU",Tue Jul 10 17:31:05 +0000 2018,0.7717,0.324,0.676,0.0,86
87,@BBC,"üôÖNo one likes making mistakes, but messing up isn‚Äôt always a bad thing.

Here are six reasons why making mistakes c‚Ä¶ https://t.co/N7jMLZKLcE",Tue Jul 10 15:32:02 +0000 2018,-0.8338,0.066,0.593,0.34,87
88,@BBC,"RT @bbctennis: Serena Williams has some pretty big names supporting her.

Oh hey, @Drake 

LIVEüëâhttps://t.co/RIpcahMeKm
üì∫ @BBCOne 
#bbctenn‚Ä¶",Tue Jul 10 15:14:38 +0000 2018,0.7269,0.289,0.711,0.0,88
89,@BBC,"No one does strawberries like we do in Britain! üçìüá¨üáßüç¶

Now they're in season, make the most of these delicious straw‚Ä¶ https://t.co/QKdHxenZNu",Tue Jul 10 13:01:05 +0000 2018,0.6763,0.242,0.68,0.079,89
90,@BBC,'Everyone safe': all 12 members of a Thai youth football team and their coach have been brought safely out of the c‚Ä¶ https://t.co/c5bzSFM2ND,Tue Jul 10 12:18:03 +0000 2018,0.4939,0.132,0.868,0.0,90
91,@BBC,"Neelam and Dinesh‚Äôs son Akash took his own life three years ago. 

Now they‚Äôre trying to get the British Asian comm‚Ä¶ https://t.co/pX5ZIH2mj3",Tue Jul 10 12:03:04 +0000 2018,0.0,0.0,1.0,0.0,91
92,@BBC,"Ever found something weird and wonderful on a British beach? 

@BBCFOUR will be LIVE from the Jurassic Coast next w‚Ä¶ https://t.co/CY4ej7SjQh",Tue Jul 10 11:33:00 +0000 2018,0.4588,0.158,0.769,0.073,92
93,@BBC,"Have you ever seen a baby puffin? üê£

Experts worry we may not get the chance in the future if Scotland‚Äôs puffin pop‚Ä¶ https://t.co/uRKs7VXQMv",Tue Jul 10 11:04:01 +0000 2018,-0.5632,0.0,0.812,0.188,93
94,@BBC,RT @bbcweather: Remember to look up around 1pm today if you're in London / SE / Suffolk / Colchester / Chelmsford for the @RoyalAirForce #R‚Ä¶,Tue Jul 10 09:17:05 +0000 2018,0.0,0.0,1.0,0.0,94
95,@BBC,"RT @BBCOne: ‚ÄúI felt like a piece of meat at a meat market‚Äù.

@BBCPanorama investigates President Donald Trump.

Tonight | 8.30pm | BBC One‚Ä¶",Tue Jul 10 09:06:27 +0000 2018,0.3612,0.116,0.884,0.0,95
96,@BBC,RT @BBCNews: Cave rescue: Divers ready to save remaining five Thais https://t.co/ed7GteDLor,Tue Jul 10 08:59:10 +0000 2018,0.8402,0.5,0.5,0.0,96
97,@BBC,"RT @bbcweather: London's sunset last night, photographed by Funda Cizgenakad. Jo https://t.co/gijPHaWMpa",Tue Jul 10 08:56:04 +0000 2018,0.0,0.0,1.0,0.0,97
98,@BBC,"RT @BBCSport: We have some exciting news...

@andy_murray will be joining the BBC commentary team this week at @Wimbledon 

üëâ https://t.co/‚Ä¶",Tue Jul 10 08:55:48 +0000 2018,0.4939,0.144,0.856,0.0,98
99,@BBC,"Sue has looked after lots of orphaned wombats before, but Stacy is a real handful! üò≥

https://t.co/JCFTLP1Xjg",Tue Jul 10 08:05:02 +0000 2018,0.0,0.0,1.0,0.0,99
100,@CBS,"Stand up. Speak up. Blow the whistle. 

Don't miss the premiere of the @TrueCrimeCBS series #Whistleblower tonight‚Ä¶ https://t.co/uNhx4Codc2",Fri Jul 13 21:35:01 +0000 2018,0.1139,0.078,0.922,0.0,0
101,@CBS,"RT @TheNeighborhood: There's a new family on the block, and they're about to turn this neighborhood upside down. @CedEntertainer and @Tichi‚Ä¶",Fri Jul 13 21:15:41 +0000 2018,-0.4404,0.0,0.868,0.132,1
102,@CBS,Take a walk down @YandR_CBS memory lane with stars @JessWaltonYR and Peter Bergman! You can watch full episodes of‚Ä¶ https://t.co/MZEUfiJJyb,Fri Jul 13 17:49:38 +0000 2018,0.0,0.0,1.0,0.0,2
103,@CBS,RT @TKOCBS: Prepare to have some major FUN. #TKO starts NOW! https://t.co/i2ftL6GCj5,Thu Jul 12 01:01:24 +0000 2018,0.6514,0.282,0.718,0.0,3
104,@CBS,"It‚Äôs fun, different, unique, and finally here! @TKOCBS hosted by @KevinHart4real premieres at 9/8c on CBS and‚Ä¶ https://t.co/MCeVLVK85i",Wed Jul 11 21:44:45 +0000 2018,0.5562,0.174,0.826,0.0,4
105,@CBS,"RT @MagnumPICBS: Talk about hands-on research! #MagnumPI's cast had the honor of joining the US Navy Submarine Force, US Pacific Fleet #Sub‚Ä¶",Wed Jul 11 19:09:34 +0000 2018,0.5411,0.143,0.857,0.0,5
106,@CBS,Time to mark your calendars! CBS' fall 2018 premiere lineup has been announced: https://t.co/yYv3H9aEO7 https://t.co/lRxAA7suie,Mon Jul 09 23:55:07 +0000 2018,0.0,0.0,1.0,0.0,6
107,@CBS,"RT @TKOCBS: The Ball Buster, the Frisboom, the Spike Launcher, and the Slammer‚Ä¶ Get to know all of the #TKO Battle Stations: https://t.co/2‚Ä¶",Mon Jul 09 18:53:34 +0000 2018,-0.3818,0.0,0.894,0.106,7
108,@CBS,"RT @cbsallaccess: How much does it cost to bury the truth? #OneDollar premieres August 30, exclusively on CBS All Access. https://t.co/2HdY‚Ä¶",Mon Jul 09 18:09:00 +0000 2018,0.3182,0.103,0.897,0.0,8
109,@CBS,"RT @SalvationCBS: Mark your calendars, #Salvies: Monday's new #SalvationCBS will air at a special time, 10/9c. https://t.co/RUh1J7cfj8",Fri Jul 06 22:22:55 +0000 2018,0.4019,0.153,0.847,0.0,9
110,@CBS,Happy #InternationalKissingDay! See which stars we caught locking lips on the CBS Kiss Cam. üòò https://t.co/oMPCHZlgCl,Fri Jul 06 18:26:37 +0000 2018,0.7777,0.343,0.657,0.0,10
111,@CBS,Have you heard? Tonight's the first Live Show of #BB20. Grab a seat and get ready to watch the action unfold on CBS‚Ä¶ https://t.co/0YgRV1HLGd,Thu Jul 05 21:12:17 +0000 2018,0.3612,0.102,0.898,0.0,11
112,@CBS,"How much does it cost to bury the truth? #OneDollar premieres Thursday, August 30, exclusively on CBS All Access.‚Ä¶ https://t.co/1tab8eCaFz",Mon Jul 02 21:13:11 +0000 2018,0.3182,0.108,0.892,0.0,12
113,@CBS,Take a first look at our @Comic_Con lineup along with details of what you can expect to see:‚Ä¶ https://t.co/JqBtlKcwq3,Mon Jul 02 20:47:32 +0000 2018,0.0,0.0,1.0,0.0,13
114,@CBS,RT @TrueCrimeCBS: Two new true-crime series are set to premiere this July on CBS! Learn more about #Whistleblower and #PinkCollarCrimes bef‚Ä¶,Mon Jul 02 17:27:06 +0000 2018,0.0,0.0,1.0,0.0,14
115,@CBS,"If at first you don‚Äôt succeed on @PriceIsRight‚Ä¶bid, bid again! https://t.co/OWBaOsFZ3i",Mon Jul 02 17:00:02 +0000 2018,0.5411,0.259,0.741,0.0,15
116,@CBS,What‚Äôs summer without @CBSBigBrother? ‚òÄÔ∏è RT if you‚Äôre counting down the hours to the #BB20 premiere TONIGHT at 8/7c‚Ä¶ https://t.co/Xp1s4Fp5J8,Wed Jun 27 20:31:32 +0000 2018,0.0,0.0,1.0,0.0,16
117,@CBS,"It looks like you...

(‚Ä¢_‚Ä¢)
( ‚Ä¢_‚Ä¢)&gt;‚åê‚ñ†-‚ñ†
(‚åê‚ñ†_‚ñ†)

Have a lot of TV to watch!

Celebrate #NationalSunglassesDay with H‚Ä¶ https://t.co/Babt4ajIgV",Wed Jun 27 14:00:01 +0000 2018,0.7574,0.289,0.711,0.0,17
118,@CBS,The world will finally know the truth. ‚òÑÔ∏è Make sure to tune in to the heart-pounding Season 2 premiere of‚Ä¶ https://t.co/mqMleW90DY,Mon Jun 25 18:20:25 +0000 2018,0.5574,0.204,0.796,0.0,18
119,@CBS,Tonight's the night! Don't miss model @ashleygraham on the season finale of Celebrity @undercover_cbs at 8/7c. https://t.co/iBxAOcOF7a,Fri Jun 22 21:19:06 +0000 2018,0.1867,0.098,0.902,0.0,19
120,@CBS,"Every day is #TakeYourDogToWorkDay for shows like @HawaiiFive0CBS, @MomCBS, @SEALTeamCBS, and @bigbangtheory! https://t.co/DJaOt1VQcw",Fri Jun 22 18:33:53 +0000 2018,0.4199,0.189,0.811,0.0,20
121,@CBS,"Lights, camera, selfie! üì∏¬†Could there be a better photo for #NationalSelfieDay? https://t.co/14Ewx64yKC",Thu Jun 21 23:29:50 +0000 2018,0.4926,0.242,0.758,0.0,21
122,@CBS,There‚Äôs nothing quite like watching a contestant win a brand new car on @PriceIsRight. üëè  https://t.co/aKlFikYAMM,Wed Jun 20 00:39:01 +0000 2018,0.3555,0.222,0.642,0.136,22
123,@CBS,Time to make your predictions for #BB20! üëè Get to know the @CBSBigBrother Houseguests before the big premiere next‚Ä¶ https://t.co/jlpIchJ9sk,Mon Jun 18 20:27:50 +0000 2018,0.0,0.0,1.0,0.0,23
124,@CBS,RT @CBSBigBrother: Meet the cast of #BB20... before anyone else! Start streaming all their live interviews beginning at 11am EST/8am PST on‚Ä¶,Mon Jun 18 15:00:46 +0000 2018,0.0,0.0,1.0,0.0,24
125,@CBS,"Today and every day we celebrate their love, guidance, and support. Happy #FathersDay to every kind of dad! https://t.co/Wffax1khBH",Sun Jun 17 13:00:01 +0000 2018,0.9392,0.493,0.507,0.0,25
126,@CBS,"Casting Alert! @paulwesley, @DaniaJRamirez &amp; @JamesWolk are set to star in the upcoming CBS All Access psychologica‚Ä¶ https://t.co/JnZMrzT92n",Fri Jun 15 18:48:29 +0000 2018,0.3595,0.128,0.872,0.0,26
127,@CBS,"In case you missed it, watch the entire #TonyAwards now: https://t.co/Bm0yNV3Ff3 https://t.co/h3YnFkmSQJ",Thu Jun 14 17:30:00 +0000 2018,-0.296,0.0,0.833,0.167,27
128,@CBS,RT @StrangeAngel: Mastermind or maniac? Explore the brilliant mind of Jack Parsons in #StrangeAngel. Now streaming on CBS All Access: https‚Ä¶,Thu Jun 14 16:19:32 +0000 2018,0.1779,0.147,0.734,0.12,28
129,@CBS,"No pain, no gain, ALL Hart! Just one month until the premiere of @TKOCBS hosted by @KevinHart4real. https://t.co/C1yMCglxVn",Tue Jun 12 00:19:23 +0000 2018,-0.5562,0.134,0.551,0.315,29
130,@CBS,"RT @TheNeighborhood: Welcome to #TheNeighborhood, @BethBehrs! The @2BrokeGirls star returns to @CBS in a new sitcom alongside @CedEntertain‚Ä¶",Mon Jun 11 22:23:06 +0000 2018,0.5093,0.171,0.829,0.0,30
131,@CBS,"In case you missed it, watch the entire #TonyAwards now: https://t.co/Bm0yNV3Ff3 https://t.co/3GA5otlcPa",Mon Jun 11 19:01:38 +0000 2018,-0.296,0.0,0.833,0.167,31
132,@CBS,How do you know @SaraBareilles and @joshgroban's music? #TonyAwards https://t.co/POMXBORfUT,Mon Jun 11 14:00:37 +0000 2018,0.0,0.0,1.0,0.0,32
133,@CBS,Here are all the performances from the 2018 #TonyAwards: https://t.co/gN4ItpFlRd https://t.co/fSMNBXKC9r,Mon Jun 11 06:19:36 +0000 2018,0.0,0.0,1.0,0.0,33
134,@CBS,See the complete list of winners from the 2018 #TonyAwards: https://t.co/9XK6CGeber https://t.co/HkUIN4Quej,Mon Jun 11 06:04:41 +0000 2018,0.4767,0.22,0.78,0.0,34
135,@CBS,An end to a magical evening. The Band's Visit wins for Best Musical! #TonyAwards https://t.co/ODza97n8YH,Mon Jun 11 03:10:33 +0000 2018,0.8478,0.406,0.594,0.0,35
136,@CBS,Congratulations are in order for @TheKatrinaLenk! She just won for Best Leading Actress in a Musical. #TonyAwards https://t.co/t9bNvpiEmH,Mon Jun 11 03:02:06 +0000 2018,0.92,0.463,0.537,0.0,36
137,@CBS,"RT @CBSThisMorning: Hmm... something seems off here @SaraBareilles @JoshGroban. üòÇ

@WaitressMusical @GreatCometBway #TonyAwards https://t.c‚Ä¶",Mon Jun 11 02:58:30 +0000 2018,0.0,0.0,1.0,0.0,37
138,@CBS,RT @_stobin13: watching the #TonyAwards after going to 3 broadway shows this weekend makes it even better üòçü§©,Mon Jun 11 02:56:40 +0000 2018,0.4404,0.153,0.847,0.0,38
139,@CBS,Tony Shalhoub wins Best Leading Actor in a Musical. #TonyAwards   #TheBandsVisit https://t.co/KcUDSicKI5,Mon Jun 11 02:56:10 +0000 2018,0.836,0.467,0.533,0.0,39
140,@CBS,The Boss looks right at home on the #TonyAwards stage! https://t.co/pwjv4iydkn,Mon Jun 11 02:53:00 +0000 2018,0.0,0.0,1.0,0.0,40
141,@CBS,RT @Aatamianphoto: Springsteen is on the #TonyAwards and I love it.,Mon Jun 11 02:47:29 +0000 2018,0.6369,0.318,0.682,0.0,41
142,@CBS,Inspiration: Get to your YES! #OnceOnThisIsland #TonyAwards https://t.co/Wjp0QIWfXq,Mon Jun 11 02:44:50 +0000 2018,0.7978,0.543,0.457,0.0,42
143,@CBS,The feeling when you win a Tony. üôå¬†Congratulations to Once on This Island for winning Best Revival of a Musical!‚Ä¶ https://t.co/UpFCqgBTwh,Mon Jun 11 02:44:37 +0000 2018,0.9523,0.55,0.45,0.0,43
144,@CBS,What a beautiful performance by the cast of #TheBandsVisit. #TonyAwards https://t.co/4Hw96kZvrf,Mon Jun 11 02:33:09 +0000 2018,0.5994,0.302,0.698,0.0,44
145,@CBS,"""I'm a living example of how theatre can change you - and it didn't just change me, it saved me."" @JohnLeguizamo at‚Ä¶ https://t.co/4ICwMhb6hv",Mon Jun 11 02:29:18 +0000 2018,0.4215,0.123,0.877,0.0,45
146,@CBS,Angels in America takes the win for Best Revival of a Play! #TonyAwards https://t.co/zodW61tw8a,Mon Jun 11 02:23:56 +0000 2018,0.8932,0.517,0.483,0.0,46
147,@CBS,"RT @leahableson: The Once On This Island Goat And Chicken made it to the broadcast, Mama WILL provide #TonyAwards",Mon Jun 11 02:21:03 +0000 2018,0.0,0.0,1.0,0.0,47
148,@CBS,That performance was the GOAT. #TonyAwards https://t.co/mtoU92HipQ,Mon Jun 11 02:16:06 +0000 2018,0.0,0.0,1.0,0.0,48
149,@CBS,Harry Potter and the Cursed Child wins Best Play at the #TonyAwards! @HPPlayNYC https://t.co/WIqJQmtAlN,Mon Jun 11 02:11:03 +0000 2018,0.8908,0.491,0.509,0.0,49
150,@CBS,üé∂ ‚ÄúLet's dance this last dance tonight.‚Äù üé∂ #TonyAwards #DonnaSummerMusical https://t.co/UAIaglChfv,Mon Jun 11 02:05:47 +0000 2018,0.0,0.0,1.0,0.0,50
151,@CBS,Hope he brought enough birthday cake for everyone! #TonyAwards https://t.co/FlLbKV6oj8,Mon Jun 11 02:03:31 +0000 2018,0.4926,0.262,0.738,0.0,51
152,@CBS,@writerlindsayb You're welcome! #TonyAwards,Mon Jun 11 01:58:48 +0000 2018,0.5093,0.523,0.477,0.0,52
153,@CBS,RT @hjmayer8: I sure do love @DearEvanHansen üíô #TonyAwards,Mon Jun 11 01:53:17 +0000 2018,0.7579,0.565,0.435,0.0,53
154,@CBS,"RT @Valerie4815: What a birthday present, the Tony audience singing happy birthday to you!! #TonyAwards",Mon Jun 11 01:51:16 +0000 2018,0.6467,0.248,0.752,0.0,54
155,@CBS,If only this performance could go on forever. #TonyAwards @FrozenBroadway https://t.co/p2BMUvyTxr,Mon Jun 11 01:38:23 +0000 2018,0.0,0.0,1.0,0.0,55
156,@CBS,RT @anna_villanueva: Magnificent performance from the cast of @FrozenBroadway! #TonyAwards2018 #TonyAwards #Tonys,Mon Jun 11 01:37:36 +0000 2018,0.636,0.276,0.724,0.0,56
157,@CBS,Glenda Jackson wins Best Leading Actress in a Play. #TonyAwards @threetallwomen https://t.co/GRp1gcBuiW,Mon Jun 11 01:30:56 +0000 2018,0.8834,0.563,0.437,0.0,57
158,@CBS,.@SaraBareilles is totally a Gryffindor. #TonyAwards https://t.co/OPQ7esk2dn,Mon Jun 11 01:29:21 +0000 2018,0.0,0.0,1.0,0.0,58
159,@CBS,RT @IzzyNY202: How impressive are these Marjory Stoneman Douglas students? That #TonyAwards performance reduced me to tears. Amazing.,Mon Jun 11 01:26:03 +0000 2018,0.7351,0.296,0.625,0.079,59
160,@CBS,RT @KatLargent: MAGIC #TonyAwards,Mon Jun 11 01:25:59 +0000 2018,0.0,0.0,1.0,0.0,60
161,@CBS,Such a touching moment at the #TonyAwards. ‚ù§Ô∏è https://t.co/4kJWTHVPZ8,Mon Jun 11 01:24:46 +0000 2018,0.0,0.0,1.0,0.0,61
162,@CBS,.@Matt_Morrison welcomes the Marjory Stoneman Douglas High School theatre department to the stage. #TonyAwards https://t.co/5dxa9smeka,Mon Jun 11 01:24:12 +0000 2018,0.4019,0.162,0.838,0.0,62
163,@CBS,So many feels at the #TonyAwards. Congratulations to @arielstachel for winning Best Featured Actor in a Musical!‚Ä¶ https://t.co/m1aRNIHPRK,Mon Jun 11 01:19:59 +0000 2018,0.9151,0.457,0.543,0.0,63
164,@CBS,RT @McBenefit: I love everything about you @UzoAduba. #TonyAwards,Mon Jun 11 01:12:31 +0000 2018,0.6369,0.375,0.625,0.0,64
165,@CBS,RT if that musical number by the cast of Carousel blew you away! #TonyAwards https://t.co/CMzMNtcAQO,Mon Jun 11 01:08:28 +0000 2018,0.1511,0.102,0.898,0.0,65
166,@CBS,Nathan Lane saw his #AngelsinAmerica role as a challenge. How will you challenge yourself in 2018? #TonyAwards https://t.co/3WXd6AqgBi,Mon Jun 11 01:08:24 +0000 2018,0.1531,0.148,0.852,0.0,66
167,@CBS,Nathan Lane wins Best Featured Actor in a Play. #TonyAwards @angelsbway https://t.co/xc8M7JtLDE,Mon Jun 11 01:02:47 +0000 2018,0.8834,0.563,0.437,0.0,67
168,@CBS,üåü¬†@joshgroban and @SaraBareilles are Host Goals. üåü #TonyAwards https://t.co/OGQec8cXJ6,Mon Jun 11 00:58:06 +0000 2018,0.0,0.0,1.0,0.0,68
169,@CBS,RT @adub369: This is unbelievable! @SaraBareilles and @joshgroban #TonyAwards,Mon Jun 11 00:52:34 +0000 2018,0.2714,0.207,0.793,0.0,69
170,@CBS,Who lives in a pineapple and just performed at The Tonys? üççüé∂ The cast of SpongeBob SquarePants: The Musical!‚Ä¶ https://t.co/mvFxdh9UJi,Mon Jun 11 00:51:11 +0000 2018,0.0,0.0,1.0,0.0,70
171,@CBS,‚ú® @LindsayMendez wins Best Featured Actress in a Musical! #TonyAwards @carouselbway https://t.co/MtgFowscN5,Mon Jun 11 00:50:18 +0000 2018,0.8478,0.506,0.494,0.0,71
172,@CBS,A big congratulations to @springsteen for his Special Tony award! ‚ú®¬†#TonyAwards https://t.co/i16u8uv9aT,Mon Jun 11 00:45:14 +0000 2018,0.8858,0.565,0.435,0.0,72
173,@CBS,Can the 73rd annual #TonyAwards just be three-hours of @TitussBurgess? https://t.co/3rCZwwTUtv,Mon Jun 11 00:44:36 +0000 2018,0.0,0.0,1.0,0.0,73
174,@CBS,"RT @CBSThisMorning: ""We know there are a lot of you out there who have photos of yourself in school plays or community theater."" Post your‚Ä¶",Mon Jun 11 00:35:41 +0000 2018,0.25,0.08,0.92,0.0,74
175,@CBS,Keep your acceptance speeches short or else the #TonyAwards will get the angels involved. #AngelsInAmerica üëº https://t.co/oznhezRzDc,Mon Jun 11 00:34:45 +0000 2018,0.4588,0.167,0.833,0.0,75
176,@CBS,"If you haven't started singing, you will be the rest of the night. #TonyAwards #MyFairLady https://t.co/jbGXwnru8N",Mon Jun 11 00:31:28 +0000 2018,0.0,0.0,1.0,0.0,76
177,@CBS,RT @marialena_rago: I like this opener for @MyFairLadyBway #TonyAwards,Mon Jun 11 00:27:42 +0000 2018,0.3612,0.263,0.737,0.0,77
178,@CBS,Laurie Metcalf wins Best Featured Actress in a Play! #TonyAwards @threetallwomen https://t.co/y4teyJaRPs,Mon Jun 11 00:27:00 +0000 2018,0.8908,0.57,0.43,0.0,78
179,@CBS,Tina Fey has a boat?? #MeanGirls #TonyAwards https://t.co/phYxmHMd3d,Mon Jun 11 00:24:31 +0000 2018,0.0,0.0,1.0,0.0,79
180,@CBS,Representing the hardest-working men and women in Broadway‚Ä¶¬†ensemble members from every nominated musical tonight!‚Ä¶ https://t.co/imlEEnOUla,Mon Jun 11 00:22:15 +0000 2018,0.0,0.0,1.0,0.0,80
181,@CBS,RT @misschae: I love theatre so much. #TonyAwards,Mon Jun 11 00:22:15 +0000 2018,0.6369,0.412,0.588,0.0,81
182,@CBS,On Wednesdays they wear pink and on Sundays they perform at the #TonyAwards. üíï Who thought that performance by the‚Ä¶ https://t.co/w7QDkaX6kF,Mon Jun 11 00:18:16 +0000 2018,0.0,0.0,1.0,0.0,82
183,@CBS,"RT @MichaelJMoritz: ""We are all made perfectly and we all belong‚Äù - Andrew Garfield #TonyAwards",Mon Jun 11 00:13:27 +0000 2018,0.6369,0.244,0.756,0.0,83
184,@CBS,Andrew Garfield wins Best Leading Actor in a Play. #TonyAwards @angelsbway https://t.co/s2VQnw6IPP,Mon Jun 11 00:12:31 +0000 2018,0.8834,0.563,0.437,0.0,84
185,@CBS,"RT @nightingalen: Love this opening song! @joshgroban
@SaraBarreilles 
#TonyAwards",Mon Jun 11 00:06:39 +0000 2018,0.6696,0.36,0.64,0.0,85
186,@CBS,‚ú® @joshgroban and @SaraBareilles take the stage to begin an unforgettable evening. #TonyAwards https://t.co/y9uzlK2DzO,Mon Jun 11 00:04:15 +0000 2018,0.0,0.0,1.0,0.0,86
187,@CBS,Grab your popcorn... it's time for the #TonyAwards! Go and stream the entire show now: https://t.co/Wo1algQHix https://t.co/JGYTk4NPDN,Sun Jun 10 23:59:00 +0000 2018,0.0,0.0,1.0,0.0,87
188,@CBS,‚ú® @thegoodfight's Christine Baranski has arrived on the #TonyAwards red carpet! Watch LIVE at 8/7c on CBS! https://t.co/XnXAnPtRrc,Sun Jun 10 23:18:15 +0000 2018,0.0,0.0,1.0,0.0,88
189,@CBS,"The hosts have arrived! We're LIVE with @SaraBareilles, @joshgroban and more on the #TonyAwards red carpet hosted b‚Ä¶ https://t.co/NtarbgywLe",Sun Jun 10 22:01:25 +0000 2018,0.0,0.0,1.0,0.0,89
190,@CBS,Tonight's the night! Join @etnow's @DDirecto on the #TonyAwards' red carpet starting at 5PM ET! https://t.co/hZLOSiIRAT,Sun Jun 10 15:00:01 +0000 2018,0.4184,0.157,0.843,0.0,90
191,@CBS,These two know a thing or two about awards! Watch them light up the stage tomorrow at the #TonyAwards. ‚ú® https://t.co/KHVZp65oLS,Sat Jun 09 21:00:02 +0000 2018,0.5093,0.155,0.845,0.0,91
192,@CBS,Here's everything you need to know before watching the #TonyAwards this Sunday at 8/7c: https://t.co/jcRgNGmLUZ https://t.co/8suUhVPFK6,Sat Jun 09 16:00:00 +0000 2018,0.0,0.0,1.0,0.0,92
193,@CBS,Join @etnow's @DDirecto this Sunday on the #TonyAwards' red carpet. https://t.co/7jS8g10KmY,Fri Jun 08 19:46:17 +0000 2018,0.296,0.18,0.82,0.0,93
194,@CBS,Here's @laChanze with a reminder that you can stream the #TonyAwards this Sunday on CBS All Access! https://t.co/8TDEXzKmyQ,Fri Jun 08 15:00:03 +0000 2018,0.0,0.0,1.0,0.0,94
195,@CBS,"We all get by with a little help from our friends, so what better way to celebrate #NationalBestFriendsDay than to‚Ä¶ https://t.co/pIZezbBwaT",Fri Jun 08 13:58:15 +0000 2018,0.9078,0.436,0.564,0.0,95
196,@CBS,"Get ready for show-stopping performances by the casts of the 2018 Tony-nominated shows Mean Girls, SpongeBob Square‚Ä¶ https://t.co/NiSx9Bbw0F",Thu Jun 07 17:03:26 +0000 2018,0.3612,0.128,0.872,0.0,96
197,@CBS,Don‚Äôt miss a special performance from @springsteen this Sunday at the #TonyAwards: https://t.co/LYYdleaFwU https://t.co/IKkKoITH9y,Wed Jun 06 21:00:24 +0000 2018,0.2732,0.176,0.719,0.105,97
198,@CBS,"RT @CBSThisMorning: .@SaraBareilles and @joshgroban are hosting this Sunday's @TheTonyAwards on @CBS! 

Wednesday, they'll join us LIVE on‚Ä¶",Wed Jun 06 00:08:30 +0000 2018,0.3595,0.128,0.872,0.0,98
199,@CBS,"RT @SU2C: SU2C telecast Co-Executive Producer Bradley Cooper sits down with Mitch Carbon, a pediatric cancer survivor who benefited from #S‚Ä¶",Tue Jun 05 22:23:35 +0000 2018,-0.4404,0.1,0.723,0.177,99
200,@CNN,Why Kenyans are supporting Croatia in the World Cup final https://t.co/Q4oSqU1Vuu https://t.co/xCWF1nYhTM,Sun Jul 15 16:45:07 +0000 2018,0.4404,0.209,0.791,0.0,0
201,@CNN,Two killed in Nicaragua during attack on university and church https://t.co/PaYVsdm9KS https://t.co/SwlWMkstou,Sun Jul 15 16:30:15 +0000 2018,-0.8225,0.0,0.568,0.432,1
202,@CNN,"President Trump named the European Union, Russia and China as foes to the US, saying the EU has ""taken advantage of‚Ä¶ https://t.co/4oulaFDK1l",Sun Jul 15 16:15:05 +0000 2018,-0.25,0.08,0.8,0.12,2
203,@CNN,A federal judge has blasted a declaration from a senior official at the Department of Health and Human Services who‚Ä¶ https://t.co/b3x294IZlX,Sun Jul 15 16:00:07 +0000 2018,0.0,0.0,1.0,0.0,3
204,@CNN,"Plagued by injury in recent years, Novak Djokovic cruised to his fourth Wimbledon title after defeating Kevin Ander‚Ä¶ https://t.co/J0escZAiLM",Sun Jul 15 15:45:04 +0000 2018,-0.6597,0.0,0.759,0.241,4
205,@CNN,"Why Google built an artificial intelligence lab in Accra, Ghana https://t.co/PpsPZbGGzK https://t.co/O89bbVpR7m",Sun Jul 15 15:30:11 +0000 2018,0.4767,0.22,0.78,0.0,5
206,@CNN,Will Uber's CEO still be able to save the brand's image? https://t.co/j0XtnyTXiA https://t.co/3krHUSBgw9,Sun Jul 15 15:23:46 +0000 2018,0.4939,0.211,0.789,0.0,6
207,@CNN,How do you remember the legacy of President George W. Bush? See how the challenges he faced defined a decade in a n‚Ä¶ https://t.co/erBUPxttCA,Sun Jul 15 15:00:12 +0000 2018,0.0772,0.058,0.942,0.0,7
208,@CNN,"From the biggest street art party in Hong Kong to a community art tour, here are six Instagrammable ways to enjoy H‚Ä¶ https://t.co/o5cQhyMSbh",Sun Jul 15 14:30:13 +0000 2018,0.7096,0.228,0.772,0.0,8
209,@CNN,RT @CNNPolitics: CNN‚Äôs Jake Tapper explains that State of the Union invited and confirmed national security adviser John Bolton to come on‚Ä¶,Sun Jul 15 14:02:56 +0000 2018,0.34,0.103,0.897,0.0,9
210,@CNN,"A rare flood of desert rain has transformed a lake in Australia from an arid, salty basin to a spectacular, watery‚Ä¶ https://t.co/XIwMrwYDRI",Sun Jul 15 14:01:07 +0000 2018,0.0,0.0,1.0,0.0,10
211,@CNN,It's not always easy going green. Starbucks and Nestl√© customers embraced the brands' moves to environmentally-frie‚Ä¶ https://t.co/esLhD2m3O2,Sun Jul 15 13:31:00 +0000 2018,-0.3412,0.0,0.869,0.131,11
212,@CNN,"Rep. Adam Schiff explains why he's calling for the Trump-Putin summit to be canceled: ""We don't need to ask Putin w‚Ä¶ https://t.co/BJMF86EU5T",Sun Jul 15 13:08:47 +0000 2018,0.0,0.0,1.0,0.0,12
213,@CNN,A Florida man had a heart attack while laying sod in his front yard to avoid getting a fine from his homeowner's as‚Ä¶ https://t.co/OViiP8HzGJ,Sun Jul 15 13:01:08 +0000 2018,-0.5423,0.072,0.717,0.211,13
214,@CNN,Starbucks is going strawless. The coffee company announced Monday that it will phase out plastic straws from all of‚Ä¶ https://t.co/4PnjN5f34l,Sun Jul 15 12:31:00 +0000 2018,0.0,0.0,1.0,0.0,14
215,@CNN,"A flight from Hong Kong to the Chinese mainland suddenly lost air pressure and dropped nearly 20,000 feet because t‚Ä¶ https://t.co/BBsCczJSWb",Sun Jul 15 12:01:05 +0000 2018,-0.5423,0.0,0.8,0.2,15
216,@CNN,A rescue organization in the Turks and Caicos Islands finds good homes for stray potcake puppies -- and allows tour‚Ä¶ https://t.co/GAOMaokzQl,Sun Jul 15 11:31:00 +0000 2018,0.7351,0.256,0.744,0.0,16
217,@CNN,"Hawaii has become the first state in the US to ban the sale of sunscreens that can harm coral reefs. Banana Boat, C‚Ä¶ https://t.co/eAWmWt80j4",Sun Jul 15 11:01:47 +0000 2018,-0.7964,0.0,0.756,0.244,17
218,@CNN,There is now only one Blockbuster store left in the United States https://t.co/eVtGl3oeEq https://t.co/3txr2d7UAq,Sun Jul 15 10:31:00 +0000 2018,0.7717,0.358,0.642,0.0,18
219,@CNN,A French bulldog named Darcy was given an oxygen mask on a JetBlue flight after showing signs of distress. Darcy's‚Ä¶ https://t.co/l2X1AgX158,Sun Jul 15 10:01:42 +0000 2018,-0.5267,0.0,0.841,0.159,19
220,@CNN,"Build-A-Bear was forced to turn customers away after an onslaught of people came to take advantage of its ""pay your‚Ä¶ https://t.co/mR7je3dMgD",Sun Jul 15 09:31:00 +0000 2018,-0.34,0.082,0.738,0.18,20
221,@CNN,"Democrats are releasing way more polls than Republicans. Here's what that could mean. https://t.co/50z1LGik2t | 
An‚Ä¶ https://t.co/n5VcrRBw06",Sun Jul 15 09:00:05 +0000 2018,0.0,0.0,1.0,0.0,21
222,@CNN,The first underwater museum in the United States has opened off the coast of northwest Florida‚Ä¶ https://t.co/SKiVeXW9mo,Sun Jul 15 08:31:00 +0000 2018,0.4215,0.149,0.851,0.0,22
223,@CNN,Twitter suspends 2 accounts linked to Russian intelligence after hacking indictment https://t.co/wHdsGD7mig https://t.co/QEJtP2DHiR,Sun Jul 15 08:00:05 +0000 2018,0.4767,0.22,0.78,0.0,23
224,@CNN,"For the first time, scientists have been able to trace the origins of a ghostly subatomic particle that traveled 3.‚Ä¶ https://t.co/PmnXztGKBg",Sun Jul 15 07:31:00 +0000 2018,0.0,0.0,1.0,0.0,24
225,@CNN,Georgia woman arrested after cop appears to use coin flip app https://t.co/4yXyMQeLuK https://t.co/Q6w6m88yJx,Sun Jul 15 07:00:08 +0000 2018,-0.4767,0.0,0.795,0.205,25
226,@CNN,"Stitch Fix is tapping into the children's apparel market, launching subscription boxes with sizes 2T to 14. Founder‚Ä¶ https://t.co/ByTYP3Cl3n",Sun Jul 15 06:31:00 +0000 2018,0.0,0.0,1.0,0.0,26
227,@CNN,"Democratic Rep. Joyce Beatty dances to Drake's ""In My Feelings"" to promote millennial voting https://t.co/LkF2rbZ8Lm https://t.co/ggWr7B6m7j",Sun Jul 15 06:00:07 +0000 2018,0.3818,0.148,0.852,0.0,27
228,@CNN,"Meet Care-E, the automated airport assistant that scans a boarding pass, carries luggage and guides passengers to t‚Ä¶ https://t.co/E9ZgNpC9nc",Sun Jul 15 05:31:00 +0000 2018,0.0,0.0,1.0,0.0,28
229,@CNN,Protesters chanted and threw rocks at Chicago police after an officer shot and killed a man in the city's South Sid‚Ä¶ https://t.co/LdeQEteIPM,Sun Jul 15 05:18:14 +0000 2018,-0.7506,0.0,0.748,0.252,29
230,@CNN,How innovation helped save Detroit https://t.co/wb4xo6rauh https://t.co/ksAK3i5brH,Sun Jul 15 05:00:09 +0000 2018,0.7003,0.537,0.463,0.0,30
231,@CNN,These giant avocados are growing in Australia. Some have been known to weigh up to four pounds and are about five t‚Ä¶ https://t.co/S2bC3f2grk,Sun Jul 15 04:31:00 +0000 2018,0.1779,0.072,0.928,0.0,31
232,@CNN,Jean-Eric Vergne clinches Formula E title for France on Bastille Day https://t.co/pWLjjyntLm https://t.co/GcB98VZj4x,Sun Jul 15 04:00:20 +0000 2018,0.0,0.0,1.0,0.0,32
233,@CNN,The Trumps are spending the weekend at the President's golf resort in Scotland as UK protests continue‚Ä¶ https://t.co/zKBcnxR6J0,Sun Jul 15 03:30:10 +0000 2018,-0.2263,0.0,0.899,0.101,33
234,@CNN,"Sandra Oh's Emmy nomination represents a new wave in Hollywood, writes Jeff Yang for @CNNOpinion‚Ä¶ https://t.co/Uz55Lf7SlH",Sun Jul 15 03:00:14 +0000 2018,0.0,0.0,1.0,0.0,34
235,@CNN,Where is President Trump's Emmy nomination? https://t.co/mtWdel049f (via @CNNOpinion) https://t.co/y0VkQar9vs,Sun Jul 15 02:30:04 +0000 2018,0.0,0.0,1.0,0.0,35
236,@CNN,Homeland Security Secretary Kirstjen Nielsen warns state officials that the threat from Russia targeting US electio‚Ä¶ https://t.co/fnjed90PF5,Sun Jul 15 02:00:05 +0000 2018,-0.34,0.113,0.66,0.226,36
237,@CNN,What do you remember about the time of 9/11? See how George W. Bush harnessed the mood of the nation in #2000sCNN t‚Ä¶ https://t.co/j2lYKLwaKQ,Sun Jul 15 01:30:17 +0000 2018,0.0,0.0,1.0,0.0,37
238,@CNN,"NY Gov. Andrew Cuomo calls the Trump administration's spending to detain immigrant children ""shocking and irrespons‚Ä¶ https://t.co/l8Y8t1VLwo",Sun Jul 15 01:00:08 +0000 2018,-0.6705,0.0,0.732,0.268,38
239,@CNN,"From the Supreme Court to Russian indictments, relive this week in politics https://t.co/fFYGdL1CJW https://t.co/rCRbcCSdDx",Sun Jul 15 00:30:12 +0000 2018,0.5574,0.217,0.783,0.0,39
240,@CNN,Police departments across the country participate in the latest lip sync challenge https://t.co/R91Sp68qJU https://t.co/etNx934TMu,Sun Jul 15 00:00:04 +0000 2018,0.0772,0.091,0.909,0.0,40
241,@CNN,"It used to be mindless entertainment. Now, reality television is a dominant force in American politics. How did tha‚Ä¶ https://t.co/inyX7hocjS",Sat Jul 14 23:30:08 +0000 2018,-0.0258,0.123,0.749,0.128,41
242,@CNN,"Gay men, adulterers publicly flogged in Indonesia https://t.co/7iV8SqScm7 https://t.co/y2ApR0iSoR",Sat Jul 14 23:00:05 +0000 2018,0.0,0.0,1.0,0.0,42
243,@CNN,Man posing as rideshare driver accused of serial rape in San Francisco https://t.co/a5ZsgQyyBB https://t.co/VshWiUq3cu,Sat Jul 14 22:30:07 +0000 2018,-0.7845,0.0,0.635,0.365,43
244,@CNN,Haiti's Prime Minister resigns amid violent and deadly protests sparked by a proposed plan to raise fuel prices‚Ä¶ https://t.co/sUgt4m3jvl,Sat Jul 14 22:15:57 +0000 2018,-0.7964,0.0,0.649,0.351,44
245,@CNN,Los Angeles Mayor Eric Garcetti says the Trump administration created its own immigration problems by enacting a so‚Ä¶ https://t.co/rx5m03cK0T,Sat Jul 14 22:00:27 +0000 2018,-0.1779,0.097,0.773,0.13,45
246,@CNN,A UK court ruling could catapult this 30-year-old from Iraq back to a life of fear and persecution‚Ä¶ https://t.co/tEoJMvS4B4,Sat Jul 14 21:45:05 +0000 2018,-0.4939,0.0,0.833,0.167,46
247,@CNN,Woman survives 7 days after SUV plunges off cliff in Big Sur https://t.co/RDcbCUbk5f https://t.co/LkhIi8regP,Sat Jul 14 21:30:12 +0000 2018,0.0,0.0,1.0,0.0,47
248,@CNN,"Microsoft wants regulation of facial recognition technology to limit ""abuse"" https://t.co/yrZtyqQjay https://t.co/culUmiMr8T",Sat Jul 14 21:15:04 +0000 2018,0.0,0.0,1.0,0.0,48
249,@CNN,Have you ever noticed a large concrete arrow in your travels across America? They point the way to an intriguing us‚Ä¶ https://t.co/e9ldIc2EyE,Sat Jul 14 21:00:03 +0000 2018,0.0,0.0,1.0,0.0,49
250,@CNN,Russian President Vladimir Putin looms for President Trump after reality-bending visit with US allies‚Ä¶ https://t.co/VBK1cCMRVK,Sat Jul 14 20:45:06 +0000 2018,-0.1531,0.0,0.897,0.103,50
251,@CNN,"McDonald's pulls salads from 3,000 restaurants after parasite sickens dozens https://t.co/ZCsfrNPFHV https://t.co/GJbNdy1nf7",Sat Jul 14 20:30:09 +0000 2018,-0.4588,0.0,0.786,0.214,51
252,@CNN,"Here's CNN's weekly roundup of the news, notes and chatter about the prospects for the next Democratic presidential‚Ä¶ https://t.co/jhP4I1C2En",Sat Jul 14 20:15:05 +0000 2018,0.296,0.109,0.891,0.0,52
253,@CNN,Impact of Attorney General Jeff Sessions' asylum move already felt at border https://t.co/5AKQyaPG98 https://t.co/FJeN4bNPub,Sat Jul 14 20:00:13 +0000 2018,0.0,0.0,1.0,0.0,53
254,@CNN,This video game could generate a new type of World Cup next year https://t.co/gji26lhVZa https://t.co/Bhcrmb81I8,Sat Jul 14 19:45:06 +0000 2018,0.0,0.0,1.0,0.0,54
255,@CNN,"Jaguar escapes enclosure at Audubon Zoo in New Orleans and kills 4 alpacas, an emu and a fox https://t.co/JTwcwexRLj https://t.co/UNZ75WSIgz",Sat Jul 14 19:30:12 +0000 2018,-0.4588,0.071,0.762,0.167,55
256,@CNN,"In Europe, First Lady Melania Trump is the Trump sticking to the script https://t.co/odZGVA2sfq https://t.co/0ZtVvImGrw",Sat Jul 14 19:15:10 +0000 2018,0.0,0.0,1.0,0.0,56
257,@CNN,A senior National Security Council official who argued for increasing US refugee admissions and feuded with senior‚Ä¶ https://t.co/oELKfzIiK5,Sat Jul 14 19:00:12 +0000 2018,-0.5106,0.109,0.633,0.258,57
258,@CNN,The British public doesn't appear amused with President Trump walking in front of Queen Elizabeth II‚Ä¶ https://t.co/9g5x8lMe0q,Sat Jul 14 18:45:08 +0000 2018,-0.3252,0.0,0.873,0.127,58
259,@CNN,Here's what you might have missed during a busy news week https://t.co/rv1W25n2Iw https://t.co/MXMHXycOXl,Sat Jul 14 18:30:17 +0000 2018,-0.296,0.0,0.833,0.167,59
260,@CNN,Philando Castile was fatally shot by police in Minnesota in 2016 ‚Äî then came the Russian trolls. An exclusive CNN i‚Ä¶ https://t.co/snbZHI833T,Sat Jul 14 18:15:00 +0000 2018,-0.5719,0.061,0.769,0.17,60
261,@CNN,Israelis and Palestinians exchange fire along Gaza border https://t.co/YFUZAkkv5i https://t.co/dAFsl7lqaU,Sat Jul 14 18:03:36 +0000 2018,-0.34,0.0,0.789,0.211,61
262,@CNN,Is it dark? And are you wearing sunglasses? You‚Äôre ready for the return of the CNN series #History of Comedy. Hear‚Ä¶ https://t.co/spOWGQNvT1,Sat Jul 14 18:00:04 +0000 2018,0.6553,0.211,0.789,0.0,62
263,@CNN,"The Thai boys rescued from a cave after nearly three weeks are ""sitting up in their beds"" and ""sending thank-you me‚Ä¶ https://t.co/m00GEVO4Nr",Sat Jul 14 17:45:00 +0000 2018,0.4215,0.123,0.877,0.0,63
264,@CNN,Serena Williams' fairytale return from maternity leave fell one match short as she lost to Angelique Kerber in the‚Ä¶ https://t.co/5max8jzFCc,Sat Jul 14 17:38:39 +0000 2018,-0.3612,0.0,0.837,0.163,64
265,@CNN,Secretary of State Mike Pompeo says President Trump should proceed with his summit with Russian President Vladimir‚Ä¶ https://t.co/szEb8ClWru,Sat Jul 14 17:28:24 +0000 2018,0.0,0.0,1.0,0.0,65
266,@CNN,"In Scotland, @PhilBlackCNN reports ""thousands of people"" have been rallying and protesting against Trump. One prote‚Ä¶ https://t.co/3Z1l8nN5we",Sat Jul 14 17:11:35 +0000 2018,-0.4215,0.0,0.851,0.149,66
267,@CNN,"Germany's Angelique Kerber beats American Serena Williams 6-3, 6-3 to win her first Wimbledon championship‚Ä¶ https://t.co/qvmrNpeovo",Sat Jul 14 16:53:47 +0000 2018,0.5859,0.202,0.798,0.0,67
268,@CNN,"Germany's Angelique Kerber beats American Serena Williams 6-2, 6-3 to win her first Wimbledon championship‚Ä¶ https://t.co/tJUTOpoTjR",Sat Jul 14 16:35:05 +0000 2018,0.5859,0.202,0.798,0.0,68
269,@CNN,"""What happened to when we were united against a common enemy?"" CNN's @smerconish slams partisan reactions to the ""t‚Ä¶ https://t.co/IQMCH75fBd",Sat Jul 14 16:30:50 +0000 2018,0.4215,0.135,0.865,0.0,69
270,@CNN,"""Probably the best course of action is to cancel this meeting."" Democratic Rep. Mike Quigley says President Trump s‚Ä¶ https://t.co/8UVkrBidZj",Sat Jul 14 16:15:00 +0000 2018,0.4939,0.174,0.744,0.083,70
271,@CNN,"Belgium beats England 2-0, finishing third place in the World Cup https://t.co/CgOfxgNZCd https://t.co/Rag2LuM3bW",Sat Jul 14 16:03:49 +0000 2018,0.0,0.0,1.0,0.0,71
272,@CNN,Novak Djokovic outlasts Rafael Nadal in Wimbledon semifinal to reach his first grand slam final in two years‚Ä¶ https://t.co/6lUvpufaOc,Sat Jul 14 15:45:09 +0000 2018,0.128,0.181,0.705,0.115,72
273,@CNN,Why Emmett Till's case matters to American history and our future https://t.co/dp49PtgYwG (via @CNNOpinion) https://t.co/4V6VYmNyfj,Sat Jul 14 15:30:06 +0000 2018,0.0258,0.073,0.927,0.0,73
274,@CNN,A paragliding protester hovered within surprising proximity of Trump on Friday as the President admired the view fr‚Ä¶ https://t.co/UB9Dgswldg,Sat Jul 14 15:15:10 +0000 2018,0.6597,0.252,0.748,0.0,74
275,@CNN,"Director of National Intelligence Dan Coats raises the alarm on growing cyberattack threats against the US, saying‚Ä¶ https://t.co/sLfH84NISw",Sat Jul 14 15:01:05 +0000 2018,-0.1027,0.2,0.583,0.217,75
276,@CNN,How Finland has survived in Russia's dark shadow https://t.co/uaqYYKM8PB https://t.co/vCromYSYn4,Sat Jul 14 14:52:07 +0000 2018,0.5106,0.268,0.732,0.0,76
277,@CNN,This 12-year-old who is battling a rare bone cancer had her wish granted when she got to see the ocean and learn to‚Ä¶ https://t.co/OqpMmp7aoA,Sat Jul 14 14:01:48 +0000 2018,-0.4215,0.156,0.629,0.215,77
278,@CNN,Newly-discovered fossils suggest giant dinosaurs evolved millions of years earlier than scientists thought https://t.co/1qJw5J5dhi,Sat Jul 14 13:46:05 +0000 2018,0.0,0.0,1.0,0.0,78
279,@CNN,"Meet Care-E, the automated airport assistant that scans a boarding pass, carries luggage and guides passengers to t‚Ä¶ https://t.co/c12TfEbuCS",Sat Jul 14 13:31:00 +0000 2018,0.0,0.0,1.0,0.0,79
280,@CNN,"Scientists have discovered the world's oldest color. It's bright pink -- the color of bubble gum, flamingos and cot‚Ä¶ https://t.co/pXGHjWw5yb",Sat Jul 14 13:01:03 +0000 2018,0.4404,0.132,0.868,0.0,80
281,@CNN,"From the biggest street art party in Hong Kong to a community art tour, here are six Instagrammable ways to enjoy H‚Ä¶ https://t.co/1MJl9Bgfc1",Sat Jul 14 12:46:07 +0000 2018,0.7096,0.228,0.772,0.0,81
282,@CNN,"Stitch Fix is tapping into the children's apparel market, launching subscription boxes with sizes 2T to 14. Founder‚Ä¶ https://t.co/VE939a8HoA",Sat Jul 14 12:31:02 +0000 2018,0.0,0.0,1.0,0.0,82
283,@CNN,"Archaeologists unearth a mysterious sarcophagus in Egypt 
https://t.co/Z5XE26NQuK https://t.co/QbVllJbH6F",Sat Jul 14 12:01:05 +0000 2018,0.0,0.0,1.0,0.0,83
284,@CNN,It's not always easy going green. Starbucks and Nestl√© customers embraced the brands' moves to environmentally-frie‚Ä¶ https://t.co/zVa4gcuLL8,Sat Jul 14 11:31:00 +0000 2018,-0.3412,0.0,0.869,0.131,84
285,@CNN,5-year-old Garrett Matthias prepared his own obituary before he died from a rare form of pediatric cancer. In words‚Ä¶ https://t.co/kvDtKV3C0J,Sat Jul 14 11:01:04 +0000 2018,-0.7964,0.073,0.618,0.309,85
286,@CNN,Starbucks is going strawless. The coffee company announced Monday that it will phase out plastic straws from all of‚Ä¶ https://t.co/4nPdL5wkfC,Sat Jul 14 10:31:00 +0000 2018,0.0,0.0,1.0,0.0,86
287,@CNN,Scientists at the Teopanzolco archeological site discovered an ancient temple this week that was exposed by the dev‚Ä¶ https://t.co/NI106NMNKQ,Sat Jul 14 10:16:11 +0000 2018,-0.0772,0.0,0.933,0.067,87
288,@CNN,A French bulldog named Darcy was given an oxygen mask on a JetBlue flight after showing signs of distress. Darcy's‚Ä¶ https://t.co/BfzWbTXPzn,Sat Jul 14 10:02:10 +0000 2018,-0.5267,0.0,0.841,0.159,88
289,@CNN,"In an experiment, Australian scientists have successfully wiped out more than 80% of disease-carrying mosquitoes in‚Ä¶ https://t.co/SKnF8K2Fiw",Sat Jul 14 09:46:04 +0000 2018,0.4939,0.167,0.833,0.0,89
290,@CNN,A rescue organization in the Turks and Caicos Islands finds good homes for stray potcake puppies -- and allows tour‚Ä¶ https://t.co/iNMmocN8kl,Sat Jul 14 09:31:00 +0000 2018,0.7351,0.256,0.744,0.0,90
291,@CNN,"The US Navy has expanded its hair rules for female sailors, now permitting braids, ponytails and lock hairstyles‚Ä¶ https://t.co/dOUdRk9UTb",Sat Jul 14 09:01:03 +0000 2018,0.0,0.0,1.0,0.0,91
292,@CNN,There is now only one Blockbuster store left in the United States https://t.co/eVtGl36DfQ https://t.co/mSVPk9Ctj8,Sat Jul 14 08:31:00 +0000 2018,0.7717,0.358,0.642,0.0,92
293,@CNN,Shark bites Instagram model posing in the Bahamas https://t.co/w8PWXHQQA9 https://t.co/PDEQl5ItJK,Sat Jul 14 08:01:07 +0000 2018,0.0,0.0,1.0,0.0,93
294,@CNN,"Build-A-Bear was forced to turn customers away after an onslaught of people came to take advantage of its ""pay your‚Ä¶ https://t.co/mQstVtHGrj",Sat Jul 14 07:31:00 +0000 2018,-0.34,0.082,0.738,0.18,94
295,@CNN,"Hawaii just became the first state in the US to ban the sale of sunscreens that can harm coral reefs. Banana Boat,‚Ä¶ https://t.co/3gDJp7a6Pr",Sat Jul 14 07:01:41 +0000 2018,-0.7964,0.0,0.747,0.253,95
296,@CNN,The first underwater museum in the United States has opened off the coast of northwest Florida‚Ä¶ https://t.co/U10bURPlJy,Sat Jul 14 06:31:00 +0000 2018,0.4215,0.149,0.851,0.0,96
297,@CNN,"A flight from Hong Kong to the Chinese mainland suddenly lost air pressure and dropped nearly 20,000 feet because t‚Ä¶ https://t.co/PwqdFH1baL",Sat Jul 14 06:01:04 +0000 2018,-0.5423,0.0,0.8,0.2,97
298,@CNN,The world's largest water slide will be demolished after a boy died on the ride in 2016 https://t.co/qy7pPAIIpj https://t.co/5B2eS3BeUG,Sat Jul 14 05:46:07 +0000 2018,-0.5574,0.0,0.825,0.175,98
299,@CNN,"A particle called a neutrino was detected on Earth, found by sensors deep in the Antarctic ice, and traced to its s‚Ä¶ https://t.co/2hYUZxCN18",Sat Jul 14 05:31:00 +0000 2018,0.0,0.0,1.0,0.0,99
300,@FoxNews,"BREAKING NEWS: France beats Croatia 4-2 to clinch 2nd FIFA #WorldCup title
https://t.co/05Gros29MY",Sun Jul 15 16:56:45 +0000 2018,0.0,0.0,1.0,0.0,0
301,@FoxNews,Sen. @RandPaul 'Worried' About Kavanaugh's Stance on Fourth Amendment Rights https://t.co/HEqPeXxO1j https://t.co/6ChiOEQPEE,Sun Jul 15 16:53:13 +0000 2018,0.0,0.0,1.0,0.0,1
302,@FoxNews,".@cvpayne: ""I actually believe it was more of a NATO first agenda."" https://t.co/IFOiPcvTJ2",Sun Jul 15 16:53:00 +0000 2018,0.0,0.0,1.0,0.0,2
303,@FoxNews,Ceasefire in effect along Israel-Gaza border following intense fighting; @ConormPowell reports.‚Ä¶ https://t.co/pCcKQGh9UT,Sun Jul 15 16:47:52 +0000 2018,-0.296,0.094,0.725,0.181,3
304,@FoxNews,"""We need to reduce the tension in the relationship.""

WATCH: @ainsleyearhardt's full interview with Ambassador‚Ä¶ https://t.co/G9SOmlLmm0",Sun Jul 15 16:40:00 +0000 2018,-0.3182,0.0,0.867,0.133,4
305,@FoxNews,11-million-ton iceberg threatens to inundate tiny Greenland village with tsunami https://t.co/tF8D5v4SYW,Sun Jul 15 16:39:42 +0000 2018,-0.3818,0.0,0.794,0.206,5
306,@FoxNews,"'Own This Debate': Ex-CIA Officer Says Trump Must Enforce a Red Line With Putin
https://t.co/iWOstFx4Hz",Sun Jul 15 16:28:36 +0000 2018,0.0,0.0,1.0,0.0,6
307,@FoxNews,"3 people killed, 22 injured after multi-vehicle crash involving tour bus in New Mexico
https://t.co/DbwMyenAyT",Sun Jul 15 16:27:07 +0000 2018,-0.872,0.0,0.526,0.474,7
308,@FoxNews,Trump says 'European Union is a foe' to US ahead of summit with Putin https://t.co/0JABQkOFHg,Sun Jul 15 16:20:34 +0000 2018,-0.4404,0.0,0.818,0.182,8
309,@FoxNews,Serbia's Novak Djokovic holds the trophy after winning the men's singles final match against Kevin Anderson of Sout‚Ä¶ https://t.co/xBVcgsDQgY,Sun Jul 15 16:09:10 +0000 2018,0.5267,0.159,0.841,0.0,9
310,@FoxNews,"Thailand boys freed from cave mourn, honor diver who died in rescue mission https://t.co/DnDDFJTGRQ",Sun Jul 15 16:06:32 +0000 2018,0.4215,0.374,0.366,0.26,10
311,@FoxNews,".@SteveHiltonx: ""It's clear that [@POTUS and PM @theresa_may] have a very strong personal relationship."" https://t.co/SnAn3CgHNA",Sun Jul 15 15:59:00 +0000 2018,0.7346,0.34,0.66,0.0,11
312,@FoxNews,.@JudgeJeanine on 'Unapologetic' Peter Strzok: He's the 'Personification of the Deep State' https://t.co/KwuS9xx6OX,Sun Jul 15 15:57:26 +0000 2018,0.0,0.0,1.0,0.0,12
313,@FoxNews,".@SenWarren: ""We'll organize the fight for working people across America."" https://t.co/3pyzBZZ077",Sun Jul 15 15:50:11 +0000 2018,-0.3818,0.0,0.794,0.206,13
314,@FoxNews,JUST IN: Novak Djokovic beats Kevin Anderson in Wimbledon final to win 4th title https://t.co/1PEkW53F3E,Sun Jul 15 15:41:09 +0000 2018,0.5859,0.213,0.787,0.0,14
315,@FoxNews,"Russian officers indicted for allegedly hacking Clinton campaign, DNC emails https://t.co/wRRBnQldkd",Sun Jul 15 15:37:15 +0000 2018,0.0,0.0,1.0,0.0,15
316,@FoxNews,RT @EricShawnTV: I anchor @FoxNews at 12 pm EDT with @ArthelNeville. The global implications of @POTUS #DonaldTrump's summit with #Vladimir‚Ä¶,Sun Jul 15 15:36:50 +0000 2018,0.0,0.0,1.0,0.0,16
317,@FoxNews,"California Dems snub Sen. Dianne Feinstein for longshot rival, in 'clear-eyed rejection' of party establishment https://t.co/AuUD6bzrmd",Sun Jul 15 15:35:11 +0000 2018,-0.5574,0.123,0.591,0.286,17
318,@FoxNews,"Florida man planned to set building on fire to 'kill all Jews,' police say https://t.co/90KlJO0qGL",Sun Jul 15 15:20:13 +0000 2018,-0.7964,0.0,0.647,0.353,18
319,@FoxNews,"NEWS ALERT: @POTUS departing Glasgow, Scotland for Helsinki for a meeting with Russian President Putin on Monday. https://t.co/1vyQ4s32Mi",Sun Jul 15 15:03:36 +0000 2018,0.4466,0.155,0.845,0.0,19
320,@FoxNews,".@OrrinHatch on Kavanaugh: ""To be honest with you, the man is a straightforward guy... He's respected by everybody‚Ä¶ https://t.co/Nr6jG0YG3w",Sun Jul 15 15:02:44 +0000 2018,0.7506,0.286,0.714,0.0,20
321,@FoxNews,"Ahead of the Trump-Putin summit, don‚Äôt miss a powerful @FoxNewsSunday from Helsinki! Tune in to Fox News Channel to‚Ä¶ https://t.co/HsZ4xKGIYQ",Sun Jul 15 15:00:01 +0000 2018,0.3595,0.143,0.784,0.074,21
322,@FoxNews,"Trump 'highly unlikely' to recognize Putin's annexation of Crimea, Ambassador Huntsman says
https://t.co/I4f51RQlDm",Sun Jul 15 14:56:27 +0000 2018,0.0,0.0,1.0,0.0,22
323,@FoxNews,"""I think it's just great that [@POTUS] gets out there &amp; doesn't take any crap from anybody. He's done really well f‚Ä¶ https://t.co/5W1m00VVhG",Sun Jul 15 14:55:09 +0000 2018,0.8261,0.303,0.697,0.0,23
324,@FoxNews,".@OrrinHatch: ""[@POTUS] is a fellow who ten years ago - 8 or 9 years ago - was a liberal from New York. [‚Ä¶ https://t.co/G0AWLjgfYb",Sun Jul 15 14:52:20 +0000 2018,0.0,0.0,1.0,0.0,24
325,@FoxNews,".@RepKevinBrady: ""The good news is our economy's so strong, the investment and growth - all this because of the new‚Ä¶ https://t.co/9dvYneTpJo",Sun Jul 15 14:51:00 +0000 2018,0.8671,0.364,0.636,0.0,25
326,@FoxNews,".@OrrinHatch: ""I expect every Republican to vote for [Kavanaugh] and I also expect a number of Democrats as well. I‚Ä¶ https://t.co/guRMm2aPWU",Sun Jul 15 14:50:17 +0000 2018,0.34,0.167,0.833,0.0,26
327,@FoxNews,".@OrrinHatch on Kavanaugh: ""We want Democratic support. I think it's ridiculous if you can't get Democratic support‚Ä¶ https://t.co/RL9Mxsa0aA",Sun Jul 15 14:48:23 +0000 2018,0.128,0.195,0.683,0.122,27
328,@FoxNews,".@OrrinHatch on Kavanaugh: ""To be honest with you, the man is a straightforward guy... He's respected by everybody‚Ä¶ https://t.co/01B6E2Cw42",Sun Jul 15 14:47:17 +0000 2018,0.7506,0.286,0.714,0.0,28
329,@FoxNews,".@DevinNunes: ""This report has been mocked by the media, has been mocked by @TheDemocrats, and still has been mostl‚Ä¶ https://t.co/6iIdi1rGrZ",Sun Jul 15 14:45:26 +0000 2018,-0.5574,0.0,0.796,0.204,29
330,@FoxNews,"On @foxandfriends, Sen. @RandPaul discussed civil liberties and his current stance on Supreme Court nominee Brett K‚Ä¶ https://t.co/MJjAKrDV6z",Sun Jul 15 14:38:00 +0000 2018,0.7845,0.301,0.699,0.0,30
331,@FoxNews,".@DevinNunes: ""There's more in this report than what's in the indictment."" #SundayFutures @MariaBartiromo https://t.co/P3TDki1AhH",Sun Jul 15 14:35:47 +0000 2018,0.0,0.0,1.0,0.0,31
332,@FoxNews,RT @EricShawnTV: Russia attacked us. Can election officials stop the next assault on our sovereignty?  Here is my interview @Foxnews with S‚Ä¶,Sun Jul 15 14:24:10 +0000 2018,-0.8402,0.0,0.679,0.321,32
333,@FoxNews,".@RatcliffeTX4: ""Someone needs to remind @SenSchumer that the party in the minority doesn't get to set and make for‚Ä¶ https://t.co/cYkOw65ypL",Sun Jul 15 14:22:50 +0000 2018,0.4019,0.124,0.876,0.0,33
334,@FoxNews,".@RatcliffeTX4: ""He was in charge of the Russia investigation. He started it. He ran it for the first year. He coll‚Ä¶ https://t.co/Ox1TQuDAyk",Sun Jul 15 14:16:34 +0000 2018,0.0,0.0,1.0,0.0,34
335,@FoxNews,".@MariaBartiromo: ""When I interviewed @POTUS two weeks ago he said OPEC is manipulating the oil market and that the‚Ä¶ https://t.co/xZPPRalu40",Sun Jul 15 14:00:35 +0000 2018,-0.3612,0.0,0.878,0.122,35
336,@FoxNews,"Rand Paul: ""At this point, I'm undecided"" on Kavanaugh. https://t.co/pBH6kxnBuh",Sun Jul 15 14:00:21 +0000 2018,-0.2263,0.0,0.826,0.174,36
337,@FoxNews,".@LDAppell: Will Hillary persist in 2020? Her actions suggest ‚Äòyes‚Äô
https://t.co/0POH8gFQCb",Sun Jul 15 13:47:59 +0000 2018,0.0,0.0,1.0,0.0,37
338,@FoxNews,".@KatrinaPierson: ""@POTUS himself brought forward an immigration policy."" https://t.co/XERE2tE2Vk",Sun Jul 15 13:40:46 +0000 2018,0.0,0.0,1.0,0.0,38
339,@FoxNews,"Pres. @BarackObama in 2012: ""Gov. Romney, I'm glad that you recognize that Al Qaeda is a threat, because a few mont‚Ä¶ https://t.co/FNMm5bvClS",Sun Jul 15 13:32:41 +0000 2018,-0.1027,0.123,0.738,0.139,39
340,@FoxNews,.@karringtonsc returning to campaign trail. https://t.co/K0LirPTDka,Sun Jul 15 13:27:05 +0000 2018,0.0,0.0,1.0,0.0,40
341,@FoxNews,"California Dems snub Sen. Dianne Feinstein for longshot rival, in 'clear-eyed rejection' of party establishment https://t.co/AuUD6bzrmd",Sun Jul 15 13:24:10 +0000 2018,-0.5574,0.123,0.591,0.286,41
342,@FoxNews,Daniel Hoffman: ‚ÄúThe president needs to own this debate.‚Äù https://t.co/ovWZuJIFQ3,Sun Jul 15 13:20:36 +0000 2018,0.0,0.0,1.0,0.0,42
343,@FoxNews,"TONIGHT: Don't miss ""Life, Liberty, &amp; Levin"" with @marklevinshow - Tune in at 10p ET on Fox News Channel! https://t.co/awZHa7xPxk",Sun Jul 15 13:17:00 +0000 2018,-0.3867,0.067,0.79,0.143,43
344,@FoxNews,Manny Pacquiao wins 60th career fight with seventh-round knockout https://t.co/r6ucG7MeqZ,Sun Jul 15 13:04:51 +0000 2018,0.2732,0.259,0.559,0.182,44
345,@FoxNews,"Meghan Markle's dad believes his daughter is 'terrified' adjusting to new life, calls royal family 'outdated' https://t.co/b3TfWn6am9",Sun Jul 15 12:55:43 +0000 2018,0.0,0.0,1.0,0.0,45
346,@FoxNews,"On an all-new 'OBJECTified,' @KrisJenner sits down with @harveylevintmz to discuss her journey ‚Äì and the events tha‚Ä¶ https://t.co/QMQpFTOElY",Sun Jul 15 12:48:00 +0000 2018,0.0,0.0,1.0,0.0,46
347,@FoxNews,.@RandPaul: ‚ÄúI‚Äôm concerned about Kavanaugh.‚Äù https://t.co/YCL2vCT9yl,Sun Jul 15 12:46:22 +0000 2018,0.0,0.0,1.0,0.0,47
348,@FoxNews,.@RandPaul: ‚ÄúI am somewhat persuaded to have an open mind because this is President Trump who did such a great job‚Ä¶‚Ä¶ https://t.co/HY3hsW5YIr,Sun Jul 15 12:42:51 +0000 2018,0.6249,0.17,0.83,0.0,48
349,@FoxNews,11-million-ton iceberg threatens to inundate tiny Greenland village with tsunami https://t.co/W4XI7hXCJ2,Sun Jul 15 12:38:04 +0000 2018,-0.3818,0.0,0.794,0.206,49
350,@FoxNews,".@SebGorka: ‚ÄúWithout borders it‚Äôs very hard to have a country, it‚Äôs very hard to have security.‚Äù https://t.co/HRSE2R6RUM",Sun Jul 15 12:20:12 +0000 2018,-0.3369,0.0,0.805,0.195,50
351,@FoxNews,MONDAY: Chris Wallace will conduct an exclusive interview with Russian President Vladimir Putin following the summi‚Ä¶ https://t.co/isaPJlildP,Sun Jul 15 12:05:00 +0000 2018,0.128,0.086,0.914,0.0,51
352,@FoxNews,"Illegal immigrant accused of attacking wife with chainsaw was deported 11 times, officials say https://t.co/N98k227pcs",Sun Jul 15 12:04:45 +0000 2018,-0.8316,0.0,0.577,0.423,52
353,@FoxNews,Six North Carolina nurses show off their  'baby bumps' in adorable photo https://t.co/P8ojwhY5xc,Sun Jul 15 11:50:57 +0000 2018,0.4939,0.211,0.789,0.0,53
354,@FoxNews,"Trump advised May to sue EU over Brexit, prime minister reveals https://t.co/GFn9m4PR1n",Sun Jul 15 11:40:52 +0000 2018,0.0,0.0,1.0,0.0,54
355,@FoxNews,.@GovMikeHuckabee: ‚ÄúI‚Äôm very proud of [@PressSec]... I think she‚Äôs done an exceptional job.‚Äù https://t.co/1jSt0xjHCz,Sun Jul 15 11:25:13 +0000 2018,0.5256,0.22,0.78,0.0,55
356,@FoxNews,OPINION: Here's what Trump should tell Putin at their summit Monday https://t.co/vcO3YZFlY2,Sun Jul 15 11:14:10 +0000 2018,0.0,0.0,1.0,0.0,56
357,@FoxNews,".@Uncle_Jimbo: ‚ÄúThe entire focus and the entire stature of the Obama foreign policy was cringing capitulation, it w‚Ä¶ https://t.co/trYAadWtde",Sun Jul 15 10:55:31 +0000 2018,0.0,0.0,1.0,0.0,57
358,@FoxNews,RPT: Anti-Trump Paraglider Arrested https://t.co/9mWBiXoYB0,Sun Jul 15 10:48:50 +0000 2018,-0.4767,0.0,0.563,0.437,58
359,@FoxNews,"A newborn giraffe born at wildlife conservation center The Wilds in Cumberland, Ohio, was caught on camera attempti‚Ä¶ https://t.co/N1VlAOjc5R",Sun Jul 15 10:39:14 +0000 2018,0.0,0.0,1.0,0.0,59
360,@FoxNews,"US, North Korea Discuss Repatriation at DMZ https://t.co/0Wrfk7Pjkk",Sun Jul 15 10:26:47 +0000 2018,0.0,0.0,1.0,0.0,60
361,@FoxNews,"Russia not attacking midterms on same 'scale or scope' as in 2016, Nielsen says https://t.co/JjiSD8IHvA",Sun Jul 15 10:19:33 +0000 2018,0.357,0.15,0.85,0.0,61
362,@FoxNews,"Not called 'Boaty McBoatface,' but British research ship finally launches https://t.co/H5jH4NbocM",Sun Jul 15 10:07:23 +0000 2018,0.0,0.0,1.0,0.0,62
363,@FoxNews,Fox News Poll: @POTUS on Russia. https://t.co/roclpYp03q,Sun Jul 15 09:15:00 +0000 2018,0.0,0.0,1.0,0.0,63
364,@FoxNews,"New York boy, 3, sings national anthem at baseball game in adorable video https://t.co/ZGxSeuxAO1",Sun Jul 15 09:10:00 +0000 2018,0.4939,0.198,0.802,0.0,64
365,@FoxNews,".@JohnGaramendi on Trump, Putin meeting: ""I think the meeting should take place because it is a necessity for‚Ä¶ https://t.co/wHgRCim5sS",Sun Jul 15 09:00:00 +0000 2018,0.0,0.0,1.0,0.0,65
366,@FoxNews,Trump-Putin summit inspires beer called 'Let's Settle This Like Adults' https://t.co/v5uMDXWEaJ,Sun Jul 15 08:55:00 +0000 2018,0.6597,0.375,0.625,0.0,66
367,@FoxNews,"Protest after Chicago cops fatally shoot armed man leads to 4 arrests, police say https://t.co/HU5CeogchS",Sun Jul 15 08:53:01 +0000 2018,-0.8885,0.0,0.465,0.535,67
368,@FoxNews,Fox News Poll: Would you vote to confirm Supreme Court nominee Brett Kavanaugh? https://t.co/lEW62I5Ad9,Sun Jul 15 08:50:00 +0000 2018,0.5574,0.217,0.783,0.0,68
369,@FoxNews,".@HeatherZuma: ""@POTUS' tax cuts are really fueling this economy."" https://t.co/rGXEZnZJgu",Sun Jul 15 08:45:00 +0000 2018,-0.296,0.0,0.804,0.196,69
370,@FoxNews,Fox News Poll: Should President Trump meet with Russian President Vladimir Putin? https://t.co/jqq3TsafGH,Sun Jul 15 08:38:00 +0000 2018,0.0,0.0,1.0,0.0,70
371,@FoxNews,".@SenMikeLee: ""This judge is going to be confirmed and he's going to be Justice Kavanaugh within a matter of months‚Ä¶ https://t.co/UOW4pgtFSh",Sun Jul 15 08:30:00 +0000 2018,0.5423,0.2,0.8,0.0,71
372,@FoxNews,Fox News Poll: Robert Mueller's investigation of the Trump campaign and Russia. https://t.co/oFhuUpHapE,Sun Jul 15 08:29:44 +0000 2018,0.0,0.0,1.0,0.0,72
373,@FoxNews,"Paraplegic man zip-tied, stun-gunned, shot at stripper who rejected demand for sex, police say‚Ä¶ https://t.co/ewF4gAkJme",Sun Jul 15 08:23:00 +0000 2018,-0.5859,0.0,0.73,0.27,73
374,@FoxNews,"Ken Starr: ""Brett Kavanaugh is truly an outstanding candidate who deserves confirmation overwhelmingly."" #Cavuto https://t.co/O8IU4YlMnG",Sun Jul 15 08:15:00 +0000 2018,0.7845,0.347,0.653,0.0,74
375,@FoxNews,Mississippi and U.S. Marine Corps officials dedicated a memorial Saturday to the 15 Marines and a U.S. Navy corpsma‚Ä¶ https://t.co/VjgbWLFlEb,Sun Jul 15 08:11:26 +0000 2018,0.4588,0.15,0.85,0.0,75
376,@FoxNews,A photographer who specializes in creating elaborate Disney Princess-themed photo shoots involving newborns shared‚Ä¶ https://t.co/hECeZR06co,Sun Jul 15 08:08:00 +0000 2018,0.296,0.145,0.855,0.0,76
377,@FoxNews,".@RepDeSantis: ‚ÄúI think Strzok‚Äôs testimony really left a lot of American frustrated because he was not honest, not‚Ä¶ https://t.co/vwWVL9Oti1",Sun Jul 15 08:00:00 +0000 2018,-0.7271,0.0,0.724,0.276,77
378,@FoxNews,BEAT THE HEAT: Chuckie the orangutan cooled off from the Florida temperatures by splashing in water and performing‚Ä¶ https://t.co/7ziboGGeUV,Sun Jul 15 07:53:00 +0000 2018,0.0,0.0,1.0,0.0,78
379,@FoxNews,".@RepTimRyan: ""The country wants us to stop being divided. We need to put forth an agenda that can help people get‚Ä¶ https://t.co/sAYzmwthSj",Sun Jul 15 07:45:00 +0000 2018,0.128,0.108,0.803,0.088,79
380,@FoxNews,"Following former FBI lawyer Lisa Page's closed-door session with lawmakers, @RepMarkMeadows said he believes Page i‚Ä¶ https://t.co/AF6ZhhTqb4",Sun Jul 15 07:38:00 +0000 2018,0.0,0.0,1.0,0.0,80
381,@FoxNews,"Charlie Hurt on NATO: ""[President @realDonaldTrump is] not afraid to talk about anything."" @GregGutfeldShow https://t.co/DwkaoR8YR5",Sun Jul 15 07:30:00 +0000 2018,-0.5267,0.0,0.805,0.195,81
382,@FoxNews,California firefighter killed while battling blaze near Yosemite National Park https://t.co/zgbnyfxYNL,Sun Jul 15 07:23:00 +0000 2018,-0.765,0.0,0.577,0.423,82
383,@FoxNews,".@AlanDersh: ""There's no need for a special counsel to do the kind of investigation that led to this indictment.""‚Ä¶ https://t.co/l00OjcPPcb",Sun Jul 15 07:15:00 +0000 2018,0.128,0.123,0.776,0.1,83
384,@FoxNews,"US, North Korea hold talks at DMZ about return of Korean War veterans' remains https://t.co/UiRrVXmleb",Sun Jul 15 07:07:00 +0000 2018,-0.5994,0.0,0.782,0.218,84
385,@FoxNews,"""I... predict we'll end up with every Republican supporting Judge Kavanaugh's confirmation. I also think we'll end‚Ä¶ https://t.co/JRiB4ULMC7",Sun Jul 15 07:00:00 +0000 2018,0.4404,0.153,0.847,0.0,85
386,@FoxNews,"In a speech Friday, @HillaryClinton called the Supreme Court nomination of Brett Kavanaugh an obvious attempt to re‚Ä¶ https://t.co/7gLIyGuLs8",Sun Jul 15 06:53:00 +0000 2018,0.5574,0.175,0.825,0.0,86
387,@FoxNews,".@HillaryClinton: ""I believe with all my heart that the test of any society is how we treat the most vulnerable amo‚Ä¶ https://t.co/YGXiIjTxBP",Sun Jul 15 06:45:00 +0000 2018,0.1298,0.108,0.803,0.088,87
388,@FoxNews,"Suspect in Austin shooting spree linked to fatal shooting 2 days earlier, police say https://t.co/Ig9fuDiAnk",Sun Jul 15 06:38:00 +0000 2018,-0.6908,0.0,0.678,0.322,88
389,@FoxNews,".@RepMarkMeadows: ""I can tell you Lisa Page is a very credible witness. She's doing her best to help us find the tr‚Ä¶ https://t.co/vNXcBEUyOW",Sun Jul 15 06:30:00 +0000 2018,0.7845,0.257,0.743,0.0,89
390,@FoxNews,".@SenWarren had tough words for President @realDonaldTrump's nominee for the Supreme Court, Brett Kavanaugh. https://t.co/vFRXojDbUJ",Sun Jul 15 06:23:00 +0000 2018,0.4767,0.199,0.718,0.083,90
391,@FoxNews,".@DarrellIssa on Strzok hearing: ""The only justice we're gonna get is from the American people who hearing Peter St‚Ä¶ https://t.co/rSixTFQCYt",Sun Jul 15 06:15:00 +0000 2018,0.5267,0.152,0.848,0.0,91
392,@FoxNews,Memorial dedicated in Mississippi to Marine plane crash victims https://t.co/wAmsXQkvBG,Sun Jul 15 06:07:00 +0000 2018,-0.25,0.2,0.467,0.333,92
393,@FoxNews,"A newborn giraffe born at wildlife conservation center The Wilds in Cumberland, Ohio, was caught on camera attempti‚Ä¶ https://t.co/wNGFVnsk3S",Sun Jul 15 06:00:00 +0000 2018,0.0,0.0,1.0,0.0,93
394,@FoxNews,"President @realDonaldTrump waves to protesters while playing golf at Turnberry golf club, in Scotland. A dozen demo‚Ä¶ https://t.co/CwUgQsPULg",Sun Jul 15 05:53:00 +0000 2018,-0.0258,0.096,0.802,0.102,94
395,@FoxNews,".@SenWarren on Brett Kavanaugh: ""Trump didn't name someone who would stand up for working people the way he promise‚Ä¶ https://t.co/b3vka7FmDh",Sun Jul 15 05:45:00 +0000 2018,0.0,0.0,1.0,0.0,95
396,@FoxNews,"""It's OK, she is gonna be 16 soon.""

A Dallas man questioned by police for illegally parking in a handicapped parki‚Ä¶ https://t.co/Ey4KVpCYgi",Sun Jul 15 05:38:00 +0000 2018,0.368,0.131,0.806,0.063,96
397,@FoxNews,".@KimStrassel on Strzok hearing: ""This is the @FBI continuing to obstruct congressional oversight."" @WattersWorld https://t.co/43EESx1zaa",Sun Jul 15 05:30:00 +0000 2018,0.0,0.0,1.0,0.0,97
398,@FoxNews,".@GovMikeHuckabee on NATO: ""Thank goodness that [@POTUS] doesn't just roll over and let these smaller nations push‚Ä¶ https://t.co/PuMZjkZqzF",Sun Jul 15 05:28:52 +0000 2018,0.6705,0.256,0.744,0.0,98
399,@FoxNews,Members of the Warner Robins Police Department are ‚ÄúTeam Jalen‚Äù and sent their ‚Äúpositive thoughts and prayers‚Äù befo‚Ä¶ https://t.co/OuyW3fDRGI,Sun Jul 15 05:22:27 +0000 2018,0.0,0.0,1.0,0.0,99
400,@nytimes,It seemed that all of France was watching https://t.co/HEDSTcPfj6,Sun Jul 15 16:48:04 +0000 2018,0.0,0.0,1.0,0.0,0
401,@nytimes,"‚ÄúHe told me I should sue the EU,‚Äù Theresa May revealed the advice President Trump gave on how to negotiate Britain‚Äô‚Ä¶ https://t.co/L9PKUJrCK4",Sun Jul 15 16:45:04 +0000 2018,0.0,0.0,1.0,0.0,1
402,@nytimes,Those who saw Kylian Mbapp√© as a child knew he was special. But they couldn't know quite how far his talent would t‚Ä¶ https://t.co/qibbfespmW,Sun Jul 15 16:42:38 +0000 2018,0.6705,0.208,0.792,0.0,2
403,@nytimes,Agents with blowtorches in the dark of night: Inside the raid that gave Israel a trove of Iran's nuclear secrets https://t.co/aaZbNw7pYA,Sun Jul 15 16:30:03 +0000 2018,0.0,0.0,1.0,0.0,3
404,@nytimes,Wow. Croatia scores! It's not over yet. France 4 Croatia 2. https://t.co/HOUd28pa1I,Sun Jul 15 16:29:15 +0000 2018,0.6239,0.29,0.71,0.0,4
405,@nytimes,"Kylian Mbappe, 19, is the first teenager to score in a World Cup final since Pel√©. He scored France's 4th goal. https://t.co/p9qkbrrx7p",Sun Jul 15 16:26:43 +0000 2018,0.0,0.0,1.0,0.0,5
406,@nytimes,Paul Pogba makes it 3-1 for France! https://t.co/e02eAPqaLM,Sun Jul 15 16:19:11 +0000 2018,0.0,0.0,1.0,0.0,6
407,@nytimes,Paramilitary forces backed by Nicaragua‚Äôs government killed 2 people during a 12-hour siege on a church where stude‚Ä¶ https://t.co/0jiQber3uG,Sun Jul 15 16:15:01 +0000 2018,-0.6597,0.056,0.714,0.23,7
408,@nytimes,A federal judge had some harsh words for a Health and Human Services official who said a court order to reunite mig‚Ä¶ https://t.co/cCl4gsuteH,Sun Jul 15 16:00:09 +0000 2018,-0.4404,0.0,0.868,0.132,8
409,@nytimes,Halftime. France took a 2-1 lead on Croatia after a handball in the box gave Antoine Griezmann a penalty kick. https://t.co/0CfXdO0GqR,Sun Jul 15 15:52:19 +0000 2018,-0.4588,0.0,0.85,0.15,9
410,@nytimes,France's victory in the World Cup semifinals handed its president an unexpected chance to meet the Russian presiden‚Ä¶ https://t.co/dS8YSXEGTe,Sun Jul 15 15:45:04 +0000 2018,0.25,0.1,0.9,0.0,10
411,@nytimes,Novak Djokovic is back on top of men‚Äôs tennis: He beat Kevin Anderson at Wimbledon for his 13th Grand Slam title https://t.co/folmWovObT,Sun Jul 15 15:35:01 +0000 2018,0.296,0.182,0.72,0.098,11
412,@nytimes,Croatia scores and makes it even! https://t.co/8InlMqSas6,Sun Jul 15 15:30:18 +0000 2018,0.0,0.0,1.0,0.0,12
413,@nytimes,"And then there was one. Soon, Oregon will have the last Blockbuster video store in the United States. https://t.co/pOibrpfeGs",Sun Jul 15 15:30:15 +0000 2018,0.7717,0.283,0.717,0.0,13
414,@nytimes,France takes the lead! https://t.co/ARt5lS7H3K,Sun Jul 15 15:20:10 +0000 2018,0.0,0.0,1.0,0.0,14
415,@nytimes,France and Croatia are underway in the 2018 World Cup final https://t.co/2TU9KgDHER,Sun Jul 15 15:16:15 +0000 2018,0.0,0.0,1.0,0.0,15
416,@nytimes,How much wood could a woodchuck chuck if a woodchuck could get into Paul Ryan‚Äôs SUV? https://t.co/NGoTxUBibQ,Sun Jul 15 15:15:10 +0000 2018,0.0,0.0,1.0,0.0,16
417,@nytimes,Elizabeth Warren. Joe Biden. Kamala Harris. Cory Booker. Bernie Sanders. It's beginning. https://t.co/ryxlObNHia,Sun Jul 15 15:00:08 +0000 2018,0.0,0.0,1.0,0.0,17
418,@nytimes,"Watch for lots of spitting in the France-Croatia final. It's probably ""carb rinsing,"" a popular practice among Worl‚Ä¶ https://t.co/NjxxQjDMqq",Sun Jul 15 14:45:07 +0000 2018,0.4215,0.141,0.859,0.0,18
419,@nytimes,France is trying to win its second World Cup. Croatia is playing for its first championship. https://t.co/xoWF0pGcvb,Sun Jul 15 14:30:07 +0000 2018,0.8176,0.378,0.622,0.0,19
420,@nytimes,"The California Democratic Party snubbed Senator Dianne Feinstein and endorsed her rival, Kevin de Le√≥n, in November‚Ä¶ https://t.co/FqGwRXocUM",Sun Jul 15 14:15:06 +0000 2018,0.1779,0.207,0.661,0.132,20
421,@nytimes,Ireland is expected to become the first country to formally pledge to divest from fossil fuels https://t.co/7Et9HEwdqn,Sun Jul 15 14:03:52 +0000 2018,0.0,0.0,1.0,0.0,21
422,@nytimes,"Our NYT movie review: All the feels, hurts and laughs of ""Eighth Grade"" https://t.co/MEvI3z6Weo",Sun Jul 15 13:46:08 +0000 2018,0.0258,0.175,0.656,0.169,22
423,@nytimes,Those who saw Kylian Mbapp√© as a child knew he was special. But they couldn't know quite how far his talent would t‚Ä¶ https://t.co/prJ1gEkz5c,Sun Jul 15 13:30:02 +0000 2018,0.6705,0.208,0.792,0.0,23
424,@nytimes,Trump Says He ‚ÄòHadn‚Äôt Thought‚Äô About Asking Putin to Extradite 12 Indicted Russians https://t.co/mOvxjO6QOo,Sun Jul 15 13:28:15 +0000 2018,0.0,0.0,1.0,0.0,24
425,@nytimes,Today is National Ice Cream Day. And nothing compares to the homemade kind. https://t.co/TgPaTj7zcS https://t.co/q7DLl8BVPM,Sun Jul 15 13:00:18 +0000 2018,0.5267,0.195,0.805,0.0,25
426,@nytimes,"We chart America‚Äôs complicated history of infant feeding, starting with the spread of formula https://t.co/H26wrB13de",Sun Jul 15 12:30:09 +0000 2018,0.0,0.0,1.0,0.0,26
427,@nytimes,"Warren is Preparing for 2020. So Are Biden, Booker, Harris and Sanders. https://t.co/SVSpIZMQRQ",Sun Jul 15 12:06:06 +0000 2018,0.0,0.0,1.0,0.0,27
428,@nytimes,After years of being told to put on a suit and recite their r√©sum√© ‚Äî and smile! ‚Äî women running for office are thro‚Ä¶ https://t.co/R4JJVQQaiZ,Sun Jul 15 12:00:14 +0000 2018,0.4199,0.117,0.883,0.0,28
429,@nytimes,What Adults Can Learn From Dutch Children‚Äôs Books https://t.co/CfjcAohDz3,Sun Jul 15 11:43:59 +0000 2018,0.0,0.0,1.0,0.0,29
430,@nytimes,"No sitting on the floor, no hugging your siblings, and it‚Äôs best not to cry: Migrant children describe life in dete‚Ä¶ https://t.co/TubFYOUTUT",Sun Jul 15 11:30:14 +0000 2018,0.7314,0.309,0.549,0.142,30
431,@nytimes,"Trump's Supreme Court nominee has talked a lot about his mother, the public servant. Just as influential in his lif‚Ä¶ https://t.co/yZ08Z4NCyx",Sun Jul 15 11:00:16 +0000 2018,0.7579,0.265,0.735,0.0,31
432,@nytimes,"Croatia reached the final the hard way, via the scenic route https://t.co/ZwFOh4LvDn",Sun Jul 15 10:31:00 +0000 2018,0.0,0.109,0.781,0.109,32
433,@nytimes,"For Isabella and thousands of other migrant parents hoping to be reunited with their children, part of the trauma h‚Ä¶ https://t.co/qK8SXCgam2",Sun Jul 15 10:30:11 +0000 2018,0.0,0.114,0.772,0.114,33
434,@nytimes,Theresa May Says Trump Told Her to ‚ÄòSue the E.U.‚Äô in Brexit Talks https://t.co/tTmxPc6Qow,Sun Jul 15 10:25:25 +0000 2018,0.0,0.0,1.0,0.0,34
435,@nytimes,Dance? Easy. The Ballerina Tiler Peck Leaves Her Comfort Zone. https://t.co/TpnAA8kmbw,Sun Jul 15 10:13:49 +0000 2018,0.6597,0.375,0.625,0.0,35
436,@nytimes,"When the 2 leaders sit down in Finland, Trump‚Äôs abiding desire to win over Vladimir Putin will loom as a powerful d‚Ä¶ https://t.co/FqgWJqW7h2",Sun Jul 15 10:00:15 +0000 2018,0.8126,0.33,0.603,0.067,36
437,@nytimes,Soon There Will Be Only One Blockbuster Left in the United States https://t.co/CTXu52NnAG,Sun Jul 15 09:52:40 +0000 2018,0.7717,0.379,0.621,0.0,37
438,@nytimes,"Here's how to use that student loan repayment grace period to your advantage, and some other tips for new graduates https://t.co/ctyXOy5Zhq",Sun Jul 15 09:38:59 +0000 2018,0.5859,0.202,0.798,0.0,38
439,@nytimes,"In 15 years of Dirty Projectors albums, the band‚Äôs new album is their shiniest, airiest, even catchiest set of songs https://t.co/bECRLeDX5a",Sun Jul 15 09:22:13 +0000 2018,-0.4404,0.0,0.873,0.127,39
440,@nytimes,"Amazon Prime Day begins Monday. Here's a few of the deals that could be worth your money. 
https://t.co/tUM7JY4htV",Sun Jul 15 09:05:32 +0000 2018,0.3818,0.194,0.806,0.0,40
441,@nytimes,RT @nytimesarts: Post-prime hip-hop stars ‚Äî or those on the verge of reaching their tipping point ‚Äî are working out their post-prime issues‚Ä¶,Sun Jul 15 08:48:40 +0000 2018,0.2023,0.083,0.917,0.0,41
442,@nytimes,Trilobites: New Clues to How the Biggest Dinosaurs Got So Big https://t.co/f3bpwoB3Zr,Sun Jul 15 08:30:14 +0000 2018,0.0,0.0,1.0,0.0,42
443,@nytimes,"For a Moment, Underdog Croatia Basks in World Cup Joy https://t.co/qnCyrfzgho",Sun Jul 15 08:27:58 +0000 2018,0.5859,0.297,0.703,0.0,43
444,@nytimes,"For all the hype about the gig economy, its effect on worker rights can get short shrift, writes our labor reporter‚Ä¶ https://t.co/AsjThWdrPu",Sun Jul 15 08:11:39 +0000 2018,0.0,0.0,1.0,0.0,44
445,@nytimes,A German museum exhibit rearranges pieces in its collection to trigger conversations on cultural appropriation and‚Ä¶ https://t.co/ilRzX6GwPD,Sun Jul 15 07:54:43 +0000 2018,0.0,0.0,1.0,0.0,45
446,@nytimes,"RT @AndrewDasNYT: Chartered flights, private cars and (OK smaller) per diems. How World Cup life at the top of FIFA still looks the same af‚Ä¶",Sun Jul 15 07:37:25 +0000 2018,0.2023,0.07,0.93,0.0,46
447,@nytimes,New York has rarely looked as grand and otherworldly as it does in these photographs https://t.co/UaC2Fh49go,Sun Jul 15 07:20:21 +0000 2018,-0.357,0.0,0.858,0.142,47
448,@nytimes,New York has rarely looked as otherworldly as it does in these photographs https://t.co/spdQVQvaa9,Sun Jul 15 07:03:06 +0000 2018,0.0,0.0,1.0,0.0,48
449,@nytimes,RT @NYTScience: Is your horse in a good mood? A scientist suggests you might want to listen to how often it snorts. https://t.co/Y431DIHE7J,Sun Jul 15 06:45:42 +0000 2018,0.4939,0.181,0.819,0.0,49
450,@nytimes,"You, too, can learn knitting without quitting, with these tips https://t.co/jFCazquRex",Sun Jul 15 06:28:09 +0000 2018,0.0,0.0,1.0,0.0,50
451,@nytimes,Why have FOMO when you could have JOMO? https://t.co/u2RNgzZrjw,Sun Jul 15 06:11:14 +0000 2018,0.0,0.0,1.0,0.0,51
452,@nytimes,"RT @nytimesmusic: Kathy Valentine of the Go-Go's on ""Vacation"":

""I wrote it when I was 21 years old, on an airplane napkin."" https://t.co/‚Ä¶",Sun Jul 15 05:53:29 +0000 2018,0.0,0.0,1.0,0.0,52
453,@nytimes,California Democratic Party Snubs Feinstein and Endorses Kevin De Le√≥n https://t.co/k1ZQfHoqmm,Sun Jul 15 05:35:56 +0000 2018,0.25,0.315,0.494,0.191,53
454,@nytimes,"Eau de Parfum, Eau de Toilette - Eau no, what to choose? Here's some tips on what's what in the world of scent. https://t.co/QEige26Wf1",Sun Jul 15 05:35:40 +0000 2018,-0.296,0.0,0.909,0.091,54
455,@nytimes,"Tired of running on blacktop and sidewalks, especially as the summer sun beats down? Try trail running. https://t.co/DAgmc89IPN",Sun Jul 15 05:17:29 +0000 2018,-0.4404,0.0,0.854,0.146,55
456,@nytimes,"A hobby taken up as a way to get to offline led reporter @fmanjoo to a saner, friendlier corner of the internet https://t.co/YBKh0OVBQ5",Sun Jul 15 04:58:46 +0000 2018,0.3612,0.133,0.8,0.067,56
457,@nytimes,"Chicago Police Fatally Shoot Man, and Then a Crowd Confronts Officers https://t.co/x2dKxa4fNF",Sun Jul 15 04:40:18 +0000 2018,-0.8176,0.0,0.485,0.515,57
458,@nytimes,Our tech columnist @bxchen used Apple‚Äôs new Screen Time controls to cut a teenager‚Äôs iPhone time in half. He had le‚Ä¶ https://t.co/iEX3bVTwiL,Sun Jul 15 04:30:27 +0000 2018,-0.2732,0.0,0.905,0.095,58
459,@nytimes,"The power of positive people
https://t.co/Qv0yFW22uw",Sun Jul 15 04:12:07 +0000 2018,0.5574,0.419,0.581,0.0,59
460,@nytimes,"Essay: Croatians Savor the Present, but Keep One Fateful Foot in the Past https://t.co/sfzHvNwLzu",Sun Jul 15 03:54:49 +0000 2018,0.0,0.0,1.0,0.0,60
461,@nytimes,The Kardashians picked up right where the Simpsons left off when they launched their reality show on E! in 2008. No‚Ä¶ https://t.co/vt9b2RbLQf,Sun Jul 15 03:41:25 +0000 2018,0.2003,0.079,0.921,0.0,61
462,@nytimes,"Andy Samberg on the cancelation and revival of ""Brooklyn Nine-Nine"": 
‚ÄúIt was like getting to go to your own funera‚Ä¶ https://t.co/T4YkV4IjOk",Sun Jul 15 03:24:20 +0000 2018,0.3612,0.111,0.889,0.0,62
463,@nytimes,"Earlier generations of hip-hop stars lived their post-peak careers out of the limelight, but today‚Äôs rappers are tu‚Ä¶ https://t.co/8AjGvuB4nV",Sun Jul 15 03:06:17 +0000 2018,0.0,0.0,1.0,0.0,63
464,@nytimes,"In Opinion 

Op-Ed contributor Tina Rosenberg writes: ""New York City is the safest big city in the nation. Can it g‚Ä¶ https://t.co/A6bvmJZ1yw",Sun Jul 15 02:49:33 +0000 2018,0.4019,0.114,0.886,0.0,64
465,@nytimes,"The suburban sprawl around Paris is home to the greatest pool of soccer talent in Europe, including 8 of France's 2‚Ä¶ https://t.co/YxXT9eYwwm",Sun Jul 15 02:31:02 +0000 2018,0.7906,0.269,0.731,0.0,65
466,@nytimes,"Garlic, anchovies, capers and tuna come together in this briny, tomato-less take on the classic pasta puttanesca‚Ä¶ https://t.co/JBCOFweOsT",Sun Jul 15 02:13:14 +0000 2018,0.0,0.0,1.0,0.0,66
467,@nytimes,Angela Ponce will become the first transgender woman to compete in the Miss Universe pageant. But she is also on a‚Ä¶ https://t.co/U1kqn4LArl,Sun Jul 15 01:56:10 +0000 2018,-0.1531,0.0,0.929,0.071,67
468,@nytimes,"Retail is an incredibly gender-delineated space. So what does a ""gender-free"" store look like?https://t.co/g9ALur4LC2",Sun Jul 15 01:39:40 +0000 2018,0.0,0.0,1.0,0.0,68
469,@nytimes,Why is there a life-size replica of a Harlem block in a Swedish forest? A photographer visited Potemkin villages ar‚Ä¶ https://t.co/P4CvDG6PKT,Sun Jul 15 01:23:20 +0000 2018,-0.4404,0.0,0.847,0.153,69
470,@nytimes,Death Toll in Pakistan Suicide Bombing Rises to 128 https://t.co/t1RikLuffZ,Sun Jul 15 01:07:13 +0000 2018,-0.8555,0.0,0.488,0.512,70
471,@nytimes,"Influential judge, conservative warrior, Washington insider: beyond the carefully shaped narrative of President Tru‚Ä¶ https://t.co/yDJ4JDSFsa",Sun Jul 15 01:00:02 +0000 2018,0.5267,0.253,0.747,0.0,71
472,@nytimes,This has been the Google Translate World Cup https://t.co/dZ3jxtttNI,Sun Jul 15 00:31:01 +0000 2018,0.0,0.0,1.0,0.0,72
473,@nytimes,Haiti‚Äôs Prime Minister Quits Amid Protests Over Fuel Plan https://t.co/PiUs4sW92S,Sun Jul 15 00:18:33 +0000 2018,-0.2263,0.0,0.826,0.174,73
474,@nytimes,"Our 52 Places traveler shares what she uses to make photos and videos, charge devices and organize all those travel‚Ä¶ https://t.co/yYEy9F6nEi",Sun Jul 15 00:12:24 +0000 2018,0.296,0.099,0.901,0.0,74
475,@nytimes,The Ethicist: Should I Tell My Siblings About Mom‚Äôs Affair? https://t.co/piKcRXriDO,Sat Jul 14 23:56:17 +0000 2018,0.0,0.0,1.0,0.0,75
476,@nytimes,Don‚Äôt be surprised if a TSA agent asks you to remove food from your carry-on https://t.co/QLWqf0cFrS,Sat Jul 14 23:54:13 +0000 2018,0.2263,0.119,0.881,0.0,76
477,@nytimes,Losing Yourself in a Good Book https://t.co/HS3q6QeVKL,Sat Jul 14 23:38:43 +0000 2018,0.0772,0.305,0.421,0.274,77
478,@nytimes,Two Student Protesters Killed in Nicaragua Church Siege https://t.co/PHVzrKGd1c,Sat Jul 14 23:35:30 +0000 2018,-0.7506,0.0,0.522,0.478,78
479,@nytimes,news analysis: Forget a Fast Car. Creativity Is the New Midlife Crisis Cure. https://t.co/7nV0h9rpY2,Sat Jul 14 23:28:19 +0000 2018,-0.5267,0.14,0.538,0.323,79
480,@nytimes,Michael Avenatti thinks he can bring down the president ‚Äî one cable-news hit at a time https://t.co/G3Gr75JHWD,Sat Jul 14 23:16:40 +0000 2018,0.0,0.0,1.0,0.0,80
481,@nytimes,Judge Criticizes Trump Administration for Response to Family Reunification Order https://t.co/un3jhf6YVW,Sat Jul 14 22:57:40 +0000 2018,-0.34,0.0,0.806,0.194,81
482,@nytimes,"Some small studies suggest that spending time in nature, specifically in lush forests, might improve your health https://t.co/863ha9bvMN",Sat Jul 14 22:45:52 +0000 2018,0.4404,0.146,0.854,0.0,82
483,@nytimes,"‚ÄòDownloadable Gun‚Äô Clears a Legal Obstacle, and Activists Are Alarmed https://t.co/2HattY9FnZ",Sat Jul 14 22:28:16 +0000 2018,-0.4767,0.204,0.438,0.358,83
484,@nytimes,"In Opinion

Op-Ed columnist Maureen Dowd writes, ‚ÄúTrump has certainly made political discourse more crude and belli‚Ä¶ https://t.co/TaFe8ohFuk",Sat Jul 14 22:17:48 +0000 2018,-0.3804,0.107,0.715,0.178,84
485,@nytimes,"In retrospect, Brett Kavanaugh's climb to a justice‚Äôs seat may seem calculated ‚Äî from pursuing jobs that put him cl‚Ä¶ https://t.co/GzluXCVkrb",Sat Jul 14 22:00:06 +0000 2018,0.0,0.0,1.0,0.0,85
486,@nytimes,"This Bastille Day, master the essentials of French cooking https://t.co/zBo5E07oLz https://t.co/P1H9XscD5f",Sat Jul 14 21:45:06 +0000 2018,0.0,0.0,1.0,0.0,86
487,@nytimes,"At a Kentucky restaurant taking on the opioid crisis, cooking is ‚Äú100% therapy‚Äù https://t.co/uVMS7Dkv5P",Sat Jul 14 21:30:09 +0000 2018,-0.6249,0.0,0.745,0.255,87
488,@nytimes,RT @kzernike: ‚ÄúPretend you‚Äôre a man‚Äù didn‚Äôt work.  https://t.co/1rFVZmJseo,Sat Jul 14 21:22:04 +0000 2018,0.0,0.0,1.0,0.0,88
489,@nytimes,"Thanks to a legal settlement with the U.S. government, a Texas gun enthusiast and free speech advocate can resume p‚Ä¶ https://t.co/uWjm9JhUBR",Sat Jul 14 21:15:05 +0000 2018,0.7783,0.383,0.526,0.09,89
490,@nytimes,"8 black rhinos died in Kenya after being transported to a sanctuary meant to help preserve the endangered species,‚Ä¶ https://t.co/Bf5CYaO3xA",Sat Jul 14 21:00:02 +0000 2018,-0.2263,0.121,0.717,0.161,90
491,@nytimes,"A severe drought in Ireland revealed the outline of a henge that may have been standing 5,000 years ago https://t.co/4kEBft70Om",Sat Jul 14 20:45:06 +0000 2018,-0.3818,0.0,0.867,0.133,91
492,@nytimes,"After 2 police officers in Georgia stopped a driver for speeding, they used a coin-tossing app while deciding wheth‚Ä¶ https://t.co/R44hJwxMnl",Sat Jul 14 20:30:07 +0000 2018,-0.2263,0.0,0.894,0.106,92
493,@nytimes,The spectacle of a president bashing his nation‚Äôs news organizations on foreign soil ‚Äî in scenes broadcast live aro‚Ä¶ https://t.co/RLCROwQbGZ,Sat Jul 14 20:15:05 +0000 2018,0.0,0.0,1.0,0.0,93
494,@nytimes,"Put away the suit, bring along the kids, show that tattoo. No longer conforming to stereotypes, female candidates a‚Ä¶ https://t.co/VfcjFpUzrj",Sat Jul 14 20:00:11 +0000 2018,-0.296,0.0,0.896,0.104,94
495,@nytimes,"In Opinion

Roberto Rey Agudo writes, ""To say that someone does not have an accent is as believable as saying that‚Ä¶ https://t.co/OKkJ7atgA4",Sat Jul 14 19:45:06 +0000 2018,0.0,0.0,1.0,0.0,95
496,@nytimes,"As Brett Kavanaugh prepares to persuade the Senate that he's suited for the Supreme Court, he takes on something at‚Ä¶ https://t.co/caXFUP3yka",Sat Jul 14 19:30:14 +0000 2018,0.5574,0.153,0.847,0.0,96
497,@nytimes,House hunting goes virtual https://t.co/L8wVu0x49v,Sat Jul 14 19:15:11 +0000 2018,0.0,0.0,1.0,0.0,97
498,@nytimes,Are you a full-time teacher with a second job to supplement your salary? Share your story.  https://t.co/eO0syfNMA2,Sat Jul 14 19:00:10 +0000 2018,0.296,0.136,0.864,0.0,98
499,@nytimes,"‚ÄúWithout you I am like a coloring book with no color. I am the structure, but you are the color."" https://t.co/TXJ1qNpcEF",Sat Jul 14 18:45:06 +0000 2018,0.0387,0.09,0.827,0.083,99
